,name,state_name,early_career_pay,make_world_better_percent,stem_percent,year,total_price,net_cost,tuition_higher_than_national_average,type,degree_length,room_and_board,in_state_tuition,in_state_total,out_of_state_tuition,out_of_state_total,Total Minority,total_enrollment
0,Adams State University,Colorado,44400.0,56.0,3.0,2017,23746.0,15198.142324,0,1,0,8782.0,9440.0,18222.0,20456.0,29238.0,1213.0,3154.0
1,Agnes Scott College,Georgia,46000.0,57.0,26.0,2017,49330.0,21373.311222,0,0,0,12330.0,41160.0,53490.0,41160.0,53490.0,462.0,873.0
2,Alabama State University,Alabama,39800.0,61.0,16.0,2017,22849.0,16009.418377999998,0,1,0,5422.0,11068.0,16490.0,19396.0,24818.0,5105.0,5519.0
3,Alaska Pacific University,Alaska,50300.0,67.0,6.0,2017,37810.0,18934.813596,0,0,0,7300.0,20830.0,28130.0,20830.0,28130.0,170.0,579.0
4,Albany College of Pharmacy and Health Sciences,New-York,81000.0,82.0,2.0,2017,48969.0,29244.078385999997,1,0,0,10920.0,35105.0,46025.0,35105.0,46025.0,372.0,1563.0
5,Albertus Magnus College,Connecticut,49700.0,62.0,2.0,2017,51792.0,24925.626819999998,0,0,0,13200.0,32060.0,45260.0,32060.0,45260.0,767.0,1550.0
6,Albion College,Michigan,52100.0,44.0,23.0,2017,56750.0,18962.988918,0,0,0,12380.0,45775.0,58155.0,45775.0,58155.0,153.0,1268.0
7,Alcorn State University,Mississippi,40900.0,67.0,19.0,2017,24183.0,16768.770272,0,1,0,9608.0,7144.0,16752.0,7144.0,16752.0,3479.0,3639.0
8,Allen College,Iowa,51600.0,53.8780487804878,0.0,2017,31642.0,0.0,0,0,0,7282.0,19970.0,27252.0,19970.0,27252.0,29.0,575.0
9,Alma College,Michigan,48400.0,52.0,15.0,2017,52475.0,21077.712346,0,0,0,10998.0,40258.0,51256.0,40258.0,51256.0,164.0,1396.0
10,Amherst College,Massachusetts,63800.0,45.0,32.0,2017,71300.0,19226.5877106,0,0,0,14740.0,56426.0,71166.0,56426.0,71166.0,779.0,1792.0
11,Amridge University,Alabama,35700.0,53.8780487804878,0.0,2017,19600.0,3805.4366198000002,0,0,0,10984.052459016393,6900.0,6900.0,6900.0,6900.0,264.0,625.0
12,Andrews University,Michigan,47600.0,51.0,7.0,2017,42209.0,21282.04023,0,0,0,9078.0,29288.0,38366.0,29288.0,38366.0,1569.0,3418.0
13,Appalachian State University,North-Carolina,46600.0,47.0,9.0,2017,19292.5,13509.2500688,0,1,0,8304.0,7214.0,15518.0,22021.0,30325.0,2049.0,18026.0
14,Arizona Christian University,Arizona,42600.0,53.8780487804878,7.0,2017,40568.0,24558.682786,0,0,0,10674.0,26796.0,37470.0,26796.0,37470.0,233.0,737.0
15,Arkansas Tech University,Arkansas,45000.0,54.0,7.0,2017,21638.5,13026.615828,0,1,0,7870.0,9068.0,16938.0,15848.0,23718.0,2239.0,12002.0
16,Asbury University,Kentucky,39400.0,59.0,4.0,2017,40037.5,28515.608942,1,0,0,7160.0,30198.0,37358.0,30198.0,37358.0,254.0,1879.0
17,Auburn University,Alabama,54400.0,51.0,31.0,2017,31282.0,23477.419329999997,0,1,0,13332.0,11276.0,24608.0,30524.0,43856.0,3269.0,25912.0
18,Auburn University at Montgomery,Alabama,45000.0,61.0,12.0,2017,21353.5,15842.644026,0,1,0,6980.0,10288.0,17268.0,22048.0,29028.0,1941.0,5057.0
19,Augusta University,Georgia,47000.0,69.0,10.0,2017,23393.0,17878.001124,0,1,0,9640.0,10758.0,20398.0,29796.0,39436.0,2960.0,7988.0
20,Austin Peay State University,Tennessee,44200.0,63.0,10.0,2017,24224.0,14236.137872000001,0,1,0,10700.0,8411.0,19111.0,24467.0,35167.0,3207.0,10111.0
21,Avila University,Missouri,45900.0,68.0,3.0,2017,40761.0,21140.631456,0,0,0,7200.0,19900.0,27100.0,19900.0,27100.0,577.0,1907.0
22,Babson College,Massachusetts,72000.0,37.0,0.0,2017,68432.0,28642.25246,1,0,0,16312.0,51104.0,67416.0,51104.0,67416.0,701.0,3049.0
23,Baker University,Kansas,47800.0,55.0,2.0,2017,43362.0,21344.609746,0,0,0,8410.0,29830.0,38240.0,29830.0,38240.0,575.0,2957.0
24,Ball State University,Indiana,45600.0,48.0,7.0,2017,24311.0,14963.1331634,0,1,0,10234.0,9896.0,20130.0,26468.0,36702.0,2746.0,20655.0
25,Barnard College,New-York,59200.0,57.0,19.0,2017,71282.0,17758.9064908,0,0,0,17225.0,55032.0,72257.0,55032.0,72257.0,956.0,2573.0
26,Barry University,Florida,47400.0,66.0,12.0,2017,47959.0,21908.499556000002,0,0,0,11100.0,29850.0,40950.0,29850.0,40950.0,4431.0,8518.0
27,Barton College,North-Carolina,42400.0,62.0,6.0,2017,45454.0,24320.958858,0,0,0,10120.0,30880.0,41000.0,30880.0,41000.0,349.0,1035.0
28,Bates College,Maine,59500.0,50.0,23.0,2017,68870.0,16967.5810666,0,0,0,15224.0,53794.0,69018.0,53794.0,69018.0,363.0,1773.0
29,Baylor University,Texas,55500.0,49.0,16.0,2017,60178.5,32709.6928,1,0,0,12595.0,45727.0,58322.0,45727.0,58322.0,4984.0,16263.0
30,Belhaven University,Mississippi,41200.0,60.0,2.0,2017,33550.0,17734.931066,0,0,0,8500.0,25300.0,33800.0,25300.0,33800.0,2508.0,4114.0
31,Bellarmine University,Kentucky,49000.0,54.0,11.0,2017,59306.0,24624.806762,0,0,0,12250.0,42200.0,54450.0,42200.0,54450.0,473.0,3609.0
32,Bellevue College,Washington,50100.0,56.0,14.0,2017,18249.0,8999.595733400001,0,1,1,10984.052459016393,4258.0,4258.0,9689.0,9689.0,5085.0,13469.0
33,Bellevue University,Nebraska,49400.0,57.0,23.0,2017,21243.0,10735.145198000002,0,0,0,8730.0,9390.0,18120.0,9390.0,18120.0,2348.0,9879.0
34,Bellin College,Wisconsin,55800.0,94.0,0.0,2017,32300.0,25083.6,0,0,0,10984.052459016393,22178.0,22178.0,22178.0,22178.0,14.0,351.0
35,Belmont Abbey College,North-Carolina,46700.0,49.0,7.0,2017,32247.0,22054.57156,0,0,0,10355.0,18500.0,28855.0,18500.0,28855.0,438.0,1560.0
36,Belmont University,Tennessee,47300.0,47.0,3.0,2017,50740.0,33586.204544,1,0,0,12120.0,34310.0,46430.0,34310.0,46430.0,1029.0,7244.0
37,Beloit College,Wisconsin,47400.0,59.0,24.0,2017,59446.0,14040.079253,0,0,0,8830.0,50040.0,58870.0,50040.0,58870.0,231.0,1303.0
38,Benedict College,South-Carolina,38100.0,61.0,19.0,2017,35791.0,22169.67188,0,0,0,6200.0,16600.0,22800.0,16600.0,22800.0,2432.0,2444.0
39,Benedictine College,Kansas,48700.0,69.0,13.0,2017,42530.0,23501.96969,0,0,0,10300.0,29530.0,39830.0,29530.0,39830.0,318.0,2138.0
40,Bennington College,Vermont,48800.0,50.0,5.0,2017,70760.0,29308.415549999998,1,0,0,15610.0,54360.0,69970.0,54360.0,69970.0,110.0,755.0
41,Bentley University,Massachusetts,66600.0,36.0,7.0,2017,66180.0,30124.801704,1,0,0,16320.0,49880.0,66200.0,49880.0,66200.0,1013.0,5565.0
42,Berea College,Kentucky,39500.0,53.0,27.0,2017,35394.0,2918.2222704200003,0,0,0,6764.0,39990.0,46754.0,39990.0,46754.0,456.0,1621.0
43,Berry College,Georgia,44900.0,44.0,21.0,2017,50274.0,23426.019932000003,0,0,0,12770.0,36556.0,49326.0,36556.0,49326.0,320.0,2177.0
44,Black Hills State University,South-Dakota,40400.0,51.0,11.0,2017,20922.0,16356.427862,0,1,0,6978.0,8733.0,15711.0,11778.0,18756.0,536.0,4489.0
45,Bloomfield College,New-Jersey,48400.0,55.0,17.0,2017,45600.0,22280.144256,0,0,0,11950.0,29550.0,41500.0,29550.0,41500.0,1615.0,2004.0
46,Bluefield State College,West-Virginia,43200.0,60.0,3.0,2017,23028.0,11290.918867,0,1,0,10984.052459016393,8820.0,8820.0,16920.0,16920.0,197.0,1563.0
47,Boise State University,Idaho,50100.0,55.0,14.0,2017,21398.0,15855.083606,0,1,0,10692.0,7694.0,18386.0,23776.0,34468.0,3842.0,22227.0
48,Boston College,Massachusetts,63600.0,43.0,13.0,2017,68842.0,21309.5614238,0,0,0,14478.0,55464.0,69942.0,55464.0,69942.0,3348.0,14317.0
49,Boston University,Massachusetts,61400.0,43.0,25.0,2017,70302.0,33065.07789,1,0,0,15720.0,53948.0,69668.0,53948.0,69668.0,7986.0,32112.0
50,Bowdoin College,Maine,61300.0,54.0,37.0,2017,68070.0,19414.116115999997,0,0,0,14698.0,53922.0,68620.0,53922.0,68620.0,550.0,1805.0
51,Bowie State University,Maryland,50300.0,65.0,11.0,2017,23874.0,16729.21563,0,1,0,10904.0,8233.0,19137.0,18873.0,29777.0,5162.0,5695.0
52,Bradley University,Illinois,55600.0,46.0,38.0,2017,46680.0,23438.952996,0,0,0,10620.0,33760.0,44380.0,33760.0,44380.0,755.0,5300.0
53,Brandeis University,Massachusetts,60600.0,48.0,29.0,2017,69287.0,26741.631914000005,1,0,0,15440.0,55395.0,70835.0,55395.0,70835.0,1307.0,5945.0
54,Brescia University,Kentucky,44300.0,53.0,7.0,2017,35075.0,14028.799082000001,0,0,0,9200.0,22400.0,31600.0,22400.0,31600.0,210.0,1056.0
55,Brown University,Rhode-Island,68200.0,45.0,43.0,2017,71050.0,18525.620357,0,0,0,14670.0,55656.0,70326.0,55656.0,70326.0,2958.0,9181.0
56,Bryant University,Rhode-Island,60500.0,37.0,8.0,2017,57756.5,35444.264173999996,1,0,0,15702.0,43973.0,59675.0,43973.0,59675.0,563.0,3462.0
57,Bucknell University,Pennsylvania,66700.0,40.0,40.0,2017,70125.0,33168.502590000004,1,0,0,13662.0,56092.0,69754.0,56092.0,69754.0,552.0,3624.0
58,Butler University,Indiana,51800.0,53.0,9.0,2017,56740.0,34928.762127999995,1,0,0,13830.0,41120.0,54950.0,41120.0,54950.0,546.0,4848.0
59,California Institute of Technology,California,84100.0,53.0,97.0,2017,68836.5,17876.24651148,0,0,0,15525.0,52362.0,67887.0,52362.0,67887.0,853.0,2209.0
60,Calvin College,Michigan,50200.0,54.0,23.0,2017,46790.0,24402.116764,0,0,0,10200.0,34600.0,44800.0,34600.0,44800.0,523.0,3993.0
61,Cameron University,Oklahoma,43900.0,54.0,14.0,2017,17860.5,10841.246312,0,1,0,5452.0,6450.0,11902.0,15870.0,21322.0,2357.0,5537.0
62,Campbell University,North-Carolina,46300.0,56.0,8.0,2017,47940.0,24594.945054,0,0,0,11430.0,32500.0,43930.0,32500.0,43930.0,1643.0,6101.0
63,Campbellsville University,Kentucky,37600.0,50.0,7.0,2017,39171.0,20887.626452,0,0,0,8000.0,25400.0,33400.0,25400.0,33400.0,499.0,3427.0
64,Cardinal Stritch University,Wisconsin,47000.0,51.0,2.0,2017,42023.5,17672.195207999997,0,0,0,8440.0,29998.0,38438.0,29998.0,38438.0,1308.0,3811.0
65,Carleton College,Minnesota,58800.0,47.0,45.0,2017,68835.0,21621.374762,0,0,0,14085.0,54759.0,68844.0,54759.0,68844.0,491.0,2057.0
66,Carnegie Mellon University,Pennsylvania,75900.0,45.0,66.0,2017,70094.0,25105.777704,0,0,0,14418.0,55465.0,69883.0,55465.0,69883.0,3392.0,12587.0
67,Carroll College,Montana,48200.0,55.0,25.0,2017,48538.0,24888.957684,0,0,0,9880.0,35486.0,45366.0,35486.0,45366.0,148.0,1440.0
68,Carroll University,Wisconsin,45600.0,49.0,14.0,2017,44001.0,22081.551052000003,0,0,0,9484.0,31918.0,41402.0,31918.0,41402.0,416.0,3446.0
69,Carson-Newman University,Tennessee,42700.0,61.0,5.0,2017,40128.0,19269.247484,0,0,0,8810.0,27900.0,36710.0,27900.0,36710.0,203.0,2362.0
70,Carthage College,Wisconsin,48900.0,48.0,17.0,2017,57250.0,26746.191298,1,0,0,11990.0,43550.0,55540.0,43550.0,55540.0,402.0,2948.0
71,Case Western Reserve University,Ohio,66600.0,44.0,37.0,2017,65384.0,30851.051216,1,0,0,15190.0,49042.0,64232.0,49042.0,64232.0,2838.0,10771.0
72,Catawba College,North-Carolina,42500.0,58.0,11.0,2017,43754.5,20027.350938,0,0,0,10488.0,30520.0,41008.0,30520.0,41008.0,368.0,1300.0
73,Centenary College of Louisiana,Louisiana,47000.0,37.0,26.0,2017,51550.0,24329.650002,0,0,0,13400.0,36580.0,49980.0,36580.0,49980.0,173.0,619.0
74,Central Baptist College,Arkansas,36900.0,53.8780487804878,3.0,2017,25801.0,17591.715506,0,0,0,7500.0,16200.0,23700.0,16200.0,23700.0,235.0,858.0
75,Central Christian College of Kansas,Kansas,37100.0,53.8780487804878,2.0,2017,28520.0,13597.464645999999,0,0,0,8286.0,26674.0,34960.0,26674.0,34960.0,369.0,1165.0
76,Central College,Iowa,49000.0,55.0,36.0,2017,50547.0,21079.087056,0,0,0,10280.0,37295.0,47575.0,37295.0,47575.0,106.0,1411.0
77,Central Connecticut State University,Connecticut,53100.0,45.0,15.0,2017,25215.0,17203.6,0,1,0,12176.0,10616.0,22792.0,21856.0,34032.0,3337.0,12037.0
78,Central Michigan University,Michigan,47700.0,46.0,13.0,2017,22905.0,14983.810402,0,1,0,10076.0,12960.0,23036.0,12960.0,23036.0,5043.0,26879.0
79,Central Washington University,Washington,52700.0,47.0,13.0,2017,22601.0,14775.037519399999,0,1,0,11115.0,8072.0,19187.0,23053.0,34168.0,3239.0,11799.0
80,Centre College,Kentucky,49500.0,52.0,22.0,2017,52895.0,20920.080712000003,0,0,0,10480.0,41700.0,52180.0,41700.0,52180.0,186.0,1387.0
81,Chadron State College,Nebraska,42300.0,66.0,3.0,2017,20668.0,14692.811064,0,1,0,7380.0,7196.0,14576.0,7196.0,14576.0,451.0,3033.0
82,Chaminade University of Honolulu,Hawaii,45400.0,55.0,3.0,2017,41345.5,21459.051288,0,0,0,13630.0,25374.0,39004.0,25374.0,39004.0,1758.0,2756.0
83,Champlain College,Vermont,51100.0,39.0,14.0,2017,55999.0,33936.47496,1,0,0,15354.0,41010.0,56364.0,41010.0,56364.0,508.0,3585.0
84,Charleston Southern University,South-Carolina,42800.0,65.0,9.0,2017,39290.0,18059.395766,0,0,0,10200.0,25500.0,35700.0,25500.0,35700.0,1164.0,3367.0
85,Charter Oak State College,Connecticut,49200.0,68.0,2.0,2017,15913.0,0.0,0,1,0,10984.052459016393,10161.0,10161.0,13101.0,13101.0,641.0,1929.0
86,Christian Brothers University,Tennessee,51500.0,60.0,14.0,2017,44430.0,10359.88178,0,0,0,7400.0,32820.0,40220.0,32820.0,40220.0,750.0,1667.0
87,Christopher Newport University,Virginia,50800.0,55.0,25.0,2017,30270.0,21987.104188,0,1,0,11460.0,14754.0,26214.0,27220.0,38680.0,1068.0,5221.0
88,Claremont McKenna College,California,68500.0,43.0,16.0,2017,71651.5,21360.642934,0,0,0,16705.0,54405.0,71110.0,54405.0,71110.0,453.0,1324.0
89,Clark Atlanta University,Georgia,46300.0,54.0,15.0,2017,37382.0,35141.911294000005,1,0,0,9524.0,23436.0,32960.0,23436.0,32960.0,2972.0,3485.0
90,Clark College,Washington,43500.0,53.8780487804878,9.0,2017,18163.0,9895.2479248,0,1,1,10984.052459016393,4287.0,4287.0,9718.0,9718.0,2532.0,10911.0
91,Clark University,Massachusetts,52600.0,47.0,14.0,2017,55060.0,25509.17327,0,0,0,9170.0,45730.0,54900.0,45730.0,54900.0,533.0,3423.0
92,Clarke University,Iowa,44900.0,52.0,6.0,2017,45900.0,24460.883596,0,0,0,9600.0,33350.0,42950.0,33350.0,42950.0,103.0,1200.0
93,Clarkson College,Nebraska,50900.0,74.0,0.0,2017,30160.0,21996.194918,0,0,0,5398.0,16920.0,22318.0,16920.0,22318.0,146.0,1221.0
94,Clarkson University,New-York,66400.0,58.0,58.0,2017,64253.0,27564.027312000002,1,0,0,14908.0,49444.0,64352.0,49444.0,64352.0,453.0,3873.0
95,Cleary University,Michigan,47400.0,50.0,0.0,2017,31124.0,21851.624109999997,0,0,0,9600.0,20250.0,29850.0,20250.0,29850.0,67.0,537.0
96,Clemson University,South-Carolina,57500.0,50.0,39.0,2017,29574.0,17586.118943999998,0,1,0,10832.0,14970.0,25802.0,36724.0,47556.0,2849.0,21857.0
97,Cleveland State University,Ohio,48300.0,51.0,20.0,2017,26774.0,17755.692542,0,1,0,13560.0,10625.0,24185.0,14992.0,28552.0,4641.0,16936.0
98,Coastal Carolina University,South-Carolina,44700.0,48.0,14.0,2017,25093.0,17482.71892,0,1,0,9190.0,11536.0,20726.0,26648.0,35838.0,2787.0,9976.0
99,Coe College,Iowa,47200.0,41.0,24.0,2017,55240.0,20527.303796,0,0,0,9480.0,45000.0,54480.0,45000.0,54480.0,262.0,1436.0
100,Colby College,Maine,59200.0,50.0,25.0,2017,64182.0,15539.0991794,0,0,0,14190.0,55210.0,69400.0,55210.0,69400.0,373.0,1847.0
101,Colby-Sawyer College,New-Hampshire,46400.0,43.0,7.0,2017,56081.0,26593.97075,1,0,0,14264.0,42398.0,56662.0,42398.0,56662.0,161.0,1369.0
102,Colgate University,New-York,68400.0,41.0,26.0,2017,69860.0,18836.3489974,0,0,0,13995.0,55870.0,69865.0,55870.0,69865.0,572.0,2888.0
103,College for Creative Studies,Michigan,51200.0,40.0,0.0,2017,57810.0,36529.04741,1,0,0,8800.0,44110.0,52910.0,44110.0,52910.0,306.0,1459.0
104,College of Charleston,South-Carolina,47300.0,44.0,20.0,2017,29153.5,19718.949358,0,1,0,12166.0,12738.0,24904.0,31920.0,44086.0,1917.0,11456.0
105,College of Saint Mary,Nebraska,43900.0,45.0,9.0,2017,32303.0,14826.919632,0,0,0,7700.0,20350.0,28050.0,20350.0,28050.0,213.0,1018.0
106,College of the Holy Cross,Massachusetts,61800.0,46.0,24.0,2017,66220.0,24086.44614,0,0,0,14520.0,52770.0,67290.0,52770.0,67290.0,651.0,2787.0
107,Colorado Christian University,Colorado,46800.0,70.0,2.0,2017,42683.0,24288.015166,0,0,0,11846.0,31866.0,43712.0,31866.0,43712.0,1450.0,5787.0
108,Colorado College,Colorado,53100.0,48.0,23.0,2017,68616.0,22213.1899514,0,0,0,12512.0,55470.0,67982.0,55470.0,67982.0,508.0,2067.0
109,Colorado Mesa University,Colorado,47800.0,55.0,7.0,2017,22290.5,14820.454791999999,0,1,0,10925.0,9243.0,20168.0,22440.0,33365.0,2169.0,9116.0
110,Colorado School of Mines,Colorado,75600.0,60.0,93.0,2017,32608.0,22996.437546,0,1,0,13169.0,18964.0,32133.0,38584.0,51753.0,960.0,5962.0
111,Columbia International University,South-Carolina,36600.0,62.0,0.0,2017,35095.0,19122.836706000002,0,0,0,8150.0,23690.0,31840.0,23690.0,31840.0,283.0,1103.0
112,Columbus State University,Georgia,43300.0,59.0,10.0,2017,21099.0,13250.096542,0,1,0,9880.0,7200.0,17080.0,20682.0,30562.0,3764.0,8192.0
113,Connecticut College,Connecticut,57500.0,36.0,30.0,2017,66417.5,25974.912954,0,0,0,15150.0,54820.0,69970.0,54820.0,69970.0,344.0,1900.0
114,Converse College,South-Carolina,39000.0,60.0,8.0,2017,34965.0,22574.668375999998,0,0,0,10930.0,18690.0,29620.0,18690.0,29620.0,198.0,1389.0
115,Corban University,Oregon,42500.0,63.0,1.0,2017,44650.0,24209.780286,0,0,0,10228.0,33040.0,43268.0,33040.0,43268.0,165.0,1125.0
116,Cornell College,Iowa,49600.0,47.0,22.0,2017,55954.0,24269.144905999998,0,0,0,9384.0,42299.0,51683.0,42299.0,51683.0,274.0,1086.0
117,Cornell University,New-York,70100.0,45.0,43.0,2017,70306.0,23305.681336,0,0,0,14816.0,55188.0,70004.0,55188.0,70004.0,7023.0,21679.0
118,Cornish College of the Arts,Washington,49000.0,39.0,0.0,2017,56869.0,36665.94754,1,0,0,12400.0,41642.0,54042.0,41642.0,54042.0,219.0,767.0
119,Covenant College,Georgia,44400.0,62.0,19.0,2017,43255.0,20965.407784,0,0,0,10260.0,34330.0,44590.0,34330.0,44590.0,117.0,1173.0
120,Creighton University,Nebraska,53500.0,56.0,9.0,2017,53452.0,29163.622524,1,0,0,11036.0,39916.0,50952.0,39916.0,50952.0,1864.0,8236.0
121,Cumberland University,Tennessee,45500.0,61.0,3.0,2017,36850.0,22640.253676,0,0,0,9290.0,22890.0,32180.0,22890.0,32180.0,237.0,1481.0
122,Dakota State University,South-Dakota,48400.0,49.0,53.0,2017,21889.5,17279.17711,0,1,0,6873.0,9276.0,16149.0,12249.0,19122.0,426.0,3047.0
123,Dakota Wesleyan University,South-Dakota,41800.0,52.0,10.0,2017,37485.0,19439.510026,0,0,0,7350.0,27300.0,34650.0,27300.0,34650.0,67.0,870.0
124,Dartmouth College,New-Hampshire,71500.0,44.0,35.0,2017,71827.0,19635.649521,0,0,0,15756.0,55453.0,71209.0,55453.0,71209.0,1916.0,6298.0
125,Davidson College,North-Carolina,57300.0,50.0,28.0,2017,66678.0,17009.908409000003,0,0,0,14372.0,51447.0,65819.0,51447.0,65819.0,415.0,1770.0
126,DePaul University,Illinois,55700.0,43.0,15.0,2017,56275.0,30606.509976,1,0,0,14235.0,39975.0,54210.0,39975.0,54210.0,8139.0,23799.0
127,DePauw University,Indiana,56600.0,47.0,24.0,2017,61252.5,21480.021372,0,0,0,13020.0,49704.0,62724.0,49704.0,62724.0,427.0,2215.0
128,Delaware State University,Delaware,46300.0,62.0,10.0,2017,25762.0,14853.618460000002,0,1,0,12190.0,7868.0,20058.0,16904.0,29094.0,3366.0,4397.0
129,Delta State University,Mississippi,40800.0,63.0,5.0,2017,19977.0,13899.691206,0,1,0,7722.0,7246.0,14968.0,7246.0,14968.0,1426.0,3614.0
130,Denison University,Ohio,54400.0,45.0,22.0,2017,64970.0,22268.048122,0,0,0,12710.0,51960.0,64670.0,51960.0,64670.0,554.0,2278.0
131,Dickinson College,Pennsylvania,55800.0,46.0,25.0,2017,69071.0,21341.37614,0,0,0,13698.0,54661.0,68359.0,54661.0,68359.0,376.0,2364.0
132,Dickinson State University,North-Dakota,46400.0,55.0,8.0,2017,17978.0,11832.598549600001,0,1,0,6898.0,6765.0,13663.0,9544.0,16442.0,191.0,1479.0
133,Dillard University,Louisiana,44700.0,74.0,20.0,2017,33152.0,19171.543368000002,0,0,0,10100.0,18099.0,28199.0,18099.0,28199.0,1123.0,1200.0
134,Dordt College,Iowa,51000.0,57.0,17.0,2017,44795.0,24012.08753,0,0,0,9590.0,30870.0,40460.0,30870.0,40460.0,153.0,1459.0
135,Drake University,Iowa,52800.0,49.0,7.0,2017,54020.0,27392.916157999996,1,0,0,10528.0,41396.0,51924.0,41396.0,51924.0,613.0,5062.0
136,Drew University,New-Jersey,52800.0,37.0,16.0,2017,67766.0,24531.658228,0,0,0,14108.0,39500.0,53608.0,39500.0,53608.0,616.0,2113.0
137,Drexel University,Pennsylvania,61700.0,47.0,28.0,2017,68792.0,33687.888164,1,0,0,14079.0,53279.0,67358.0,53279.0,67358.0,7401.0,26359.0
138,Drury University,Missouri,42600.0,60.0,12.0,2017,38578.0,19924.601968,0,0,0,8096.0,28365.0,36461.0,28365.0,36461.0,545.0,4215.0
139,Duke University,North-Carolina,71100.0,50.0,26.0,2017,71764.0,16916.08902242,0,0,0,15178.0,55695.0,70873.0,55695.0,70873.0,4676.0,15856.0
140,East Carolina University,North-Carolina,48400.0,55.0,11.0,2017,22000.0,16269.520838,0,1,0,9606.0,7188.0,16794.0,23465.0,33071.0,7634.0,27511.0
141,East Tennessee State University,Tennessee,43700.0,57.0,8.0,2017,21306.0,14255.812018,0,1,0,8472.0,9277.0,17749.0,28459.0,36931.0,1770.0,14434.0
142,Eastern Connecticut State University,Connecticut,49200.0,43.0,14.0,2017,25346.0,18418.581984,0,1,0,13560.0,11356.0,24916.0,22596.0,36156.0,1138.0,5287.0
143,Eastern Kentucky University,Kentucky,45600.0,56.0,5.0,2017,23994.0,12981.525583999999,0,1,0,9018.0,9296.0,18314.0,19074.0,28092.0,1867.0,16305.0
144,Eastern Michigan University,Michigan,47300.0,50.0,6.0,2017,24436.0,15434.40353,0,1,0,9854.0,13959.0,23813.0,13959.0,23813.0,6225.0,22401.0
145,Eastern Oregon University,Oregon,44000.0,56.0,5.0,2017,22142.0,15767.934041999999,0,1,0,10040.0,8679.0,18719.0,20739.0,30779.0,571.0,3653.0
146,Eastern Washington University,Washington,49500.0,52.0,17.0,2017,22142.0,13433.135809200001,0,1,0,12793.0,7323.0,20116.0,24444.0,37237.0,3407.0,13453.0
147,Eckerd College,Florida,49200.0,52.0,25.0,2017,59200.0,31285.836046,1,0,0,12588.0,44540.0,57128.0,44540.0,57128.0,370.0,2083.0
148,Edgewood College,Wisconsin,49500.0,54.0,5.0,2017,42375.0,24001.386705999998,0,0,0,11020.0,29500.0,40520.0,29500.0,40520.0,388.0,2980.0
149,Elon University,North-Carolina,53600.0,43.0,7.0,2017,49642.0,29209.50596,1,0,0,12230.0,35319.0,47549.0,35319.0,47549.0,995.0,6483.0
150,Emory University,Georgia,62000.0,44.0,20.0,2017,66950.0,23257.409496,0,0,0,14456.0,51306.0,65762.0,51306.0,65762.0,5001.0,14769.0
151,Emporia State University,Kansas,43500.0,60.0,9.0,2017,19439.0,14377.979118,0,1,0,8912.0,6758.0,15670.0,20675.0,29587.0,985.0,6114.0
152,Erskine College,South-Carolina,43500.0,57.0,28.0,2017,50985.0,33465.0,1,0,0,10900.0,34560.0,45460.0,34560.0,45460.0,156.0,753.0
153,Fairfield University,Connecticut,62300.0,41.0,17.0,2017,64325.0,31988.00024,1,0,0,14710.0,48350.0,63060.0,48350.0,63060.0,677.0,5123.0
154,Fairmont State University,West-Virginia,42900.0,53.0,7.0,2017,19606.0,10757.145749599998,0,1,0,9004.0,7514.0,16518.0,16324.0,25328.0,422.0,4035.0
155,Faulkner University,Alabama,39400.0,61.0,2.0,2017,34920.0,23833.575657999998,0,0,0,7750.0,21690.0,29440.0,21690.0,29440.0,1674.0,3335.0
156,Felician University,New-Jersey,53200.0,51.0,10.0,2017,50180.0,20636.511022,0,0,0,12880.0,34315.0,47195.0,34315.0,47195.0,1035.0,1953.0
157,Ferris State University,Michigan,50000.0,50.0,8.0,2017,22749.0,13797.5251052,0,1,0,9894.0,12630.0,22524.0,12630.0,22524.0,2304.0,14600.0
158,Ferrum College,Virginia,43000.0,54.0,6.0,2017,46985.0,25616.949296,0,0,0,11500.0,34175.0,45675.0,34175.0,45675.0,599.0,1451.0
159,Fisk University,Tennessee,45300.0,53.0,39.0,2017,37070.0,26265.850550000003,0,0,0,10790.0,21480.0,32270.0,21480.0,32270.0,690.0,772.0
160,Florida Atlantic University,Florida,49400.0,51.0,15.0,2017,23690.0,12309.0428418,0,1,0,11896.0,6039.0,17935.0,21595.0,33491.0,15268.0,30297.0
161,Florida Institute of Technology,Florida,58300.0,53.0,48.0,2017,59650.0,31258.909983999998,1,0,0,12880.0,41850.0,54730.0,41850.0,54730.0,1208.0,6393.0
162,Florida International University,Florida,49600.0,51.0,16.0,2017,24719.0,13245.613882,0,1,0,10882.0,6558.0,17440.0,18956.0,29838.0,39763.0,49610.0
163,Florida State University,Florida,50800.0,49.0,18.0,2017,21774.0,14463.7231116,0,1,0,10816.0,6516.0,17332.0,21683.0,32499.0,12238.0,41226.0
164,Fordham University,New-York,58700.0,38.0,10.0,2017,69463.5,32671.908543999998,1,0,0,17969.0,52687.0,70656.0,52687.0,70656.0,4455.0,15231.0
165,Fort Hays State University,Kansas,45100.0,64.0,6.0,2017,17831.0,12612.0465456,0,1,0,8300.0,5133.0,13433.0,15201.0,23501.0,1873.0,13825.0
166,Fort Lewis College,Colorado,48300.0,55.0,19.0,2017,25650.0,18277.332556,0,1,0,9878.0,9040.0,18918.0,19696.0,29574.0,1565.0,3791.0
167,Francis Marion University,South-Carolina,42900.0,58.0,18.0,2017,23242.0,14235.481733600001,0,1,0,7948.0,11160.0,19108.0,21544.0,29492.0,1932.0,3944.0
168,Franklin Pierce University,New-Hampshire,47800.0,52.0,3.0,2017,51827.0,24872.99537,0,0,0,13345.0,36900.0,50245.0,36900.0,50245.0,233.0,2275.0
169,Freed-Hardeman University,Tennessee,43700.0,54.0,9.0,2017,32850.0,17225.993914,0,0,0,8260.0,21950.0,30210.0,21950.0,30210.0,310.0,1867.0
170,Friends University,Kansas,44700.0,59.0,14.0,2017,40805.0,23792.760138,0,0,0,7972.0,28415.0,36387.0,28415.0,36387.0,473.0,1882.0
171,Frostburg State University,Maryland,49600.0,48.0,19.0,2017,20831.0,15475.151876599999,0,1,0,10202.0,9172.0,19374.0,22892.0,33094.0,2043.0,5645.0
172,George Fox University,Oregon,51200.0,52.0,8.0,2017,48902.0,27584.869296,1,0,0,11250.0,36020.0,47270.0,36020.0,47270.0,679.0,3786.0
173,George Mason University,Virginia,58900.0,48.0,23.0,2017,29995.0,20200.55802,0,1,0,11460.0,12462.0,23922.0,35922.0,47382.0,12977.0,33729.0
174,Georgetown College,Kentucky,45000.0,54.0,10.0,2017,50261.5,20809.068998,0,0,0,9780.0,38650.0,48430.0,38650.0,48430.0,191.0,1262.0
175,Georgia Southern University,Georgia,49000.0,49.0,17.0,2017,22860.0,16527.958476,0,1,0,10070.0,7422.0,17492.0,20904.0,30974.0,7258.0,20517.0
176,Georgia State University,Georgia,50600.0,47.0,18.0,2017,25538.0,15844.838526000001,0,1,0,11378.0,10858.0,22236.0,29432.0,40810.0,19336.0,32556.0
177,Gettysburg College,Pennsylvania,58400.0,39.0,24.0,2017,66710.0,23781.029024,0,0,0,13010.0,54480.0,67490.0,54480.0,67490.0,316.0,2447.0
178,Glenville State College,West-Virginia,37400.0,60.0,3.0,2017,23182.0,18847.050538,0,1,0,10984.052459016393,7327.0,7327.0,16565.0,16565.0,276.0,1802.0
179,Goddard College,Vermont,42700.0,53.8780487804878,0.0,2017,34300.0,9401.897458000001,0,0,0,1698.0,16586.0,18284.0,16586.0,18284.0,66.0,538.0
180,Goldey-Beacom College,Delaware,49800.0,42.0,25.0,2017,38081.0,14778.72849,0,0,0,6400.0,24300.0,30700.0,24300.0,30700.0,328.0,2012.0
181,Gonzaga University,Washington,57800.0,51.0,19.0,2017,57350.0,30700.032543999998,1,0,0,11944.0,43210.0,55154.0,43210.0,55154.0,1360.0,7352.0
182,Goucher College,Maryland,49400.0,42.0,11.0,2017,57825.0,24431.140802,0,0,0,14506.0,44300.0,58806.0,44300.0,58806.0,478.0,2120.0
183,Grambling State University,Louisiana,43100.0,66.0,10.0,2017,26388.5,20989.878252000002,0,1,0,7192.0,7435.0,14627.0,16458.0,23650.0,4210.0,4504.0
184,Granite State College,New-Hampshire,43500.0,67.0,3.0,2017,21057.0,15830.447552000001,0,1,0,10984.052459016393,9645.0,9645.0,10875.0,10875.0,146.0,2209.0
185,Green Mountain College,Vermont,42000.0,57.0,2.0,2017,49274.0,22404.8,0,0,0,11722.0,37002.0,48724.0,37002.0,48724.0,86.0,833.0
186,Grinnell College,Iowa,53400.0,49.0,41.0,2017,66214.0,20060.4418728,0,0,0,12810.0,52392.0,65202.0,52392.0,65202.0,439.0,1734.0
187,Gustavus Adolphus College,Minnesota,51200.0,47.0,22.0,2017,55800.0,18654.347086,0,0,0,9910.0,45400.0,55310.0,45400.0,55310.0,313.0,2457.0
188,Hamline University,Minnesota,48100.0,52.0,5.0,2017,52178.0,20774.770162,0,0,0,10358.0,41298.0,51656.0,41298.0,51656.0,711.0,4469.0
189,Hampden-Sydney College,Virginia,58300.0,52.0,20.0,2017,59354.0,29326.883204,1,0,0,13558.0,45746.0,59304.0,45746.0,59304.0,193.0,1105.0
190,Hampton University,Virginia,52700.0,61.0,12.0,2017,41942.5,22652.492952,0,0,0,11778.0,26702.0,38480.0,26702.0,38480.0,4049.0,4393.0
191,Hanover College,Indiana,47500.0,53.0,24.0,2017,50450.0,21173.082707999998,0,0,0,11580.0,37670.0,49250.0,37670.0,49250.0,125.0,1145.0
192,Harding University,Arkansas,49200.0,47.0,10.0,2017,29975.0,18747.267194,0,0,0,7044.0,20135.0,27179.0,20135.0,27179.0,681.0,6059.0
193,Harvey Mudd College,California,88800.0,55.0,85.0,2017,74428.0,23188.311082,0,0,0,18127.0,56876.0,75003.0,56876.0,75003.0,314.0,804.0
194,Hastings College,Nebraska,48600.0,55.0,14.0,2017,43201.5,21601.588821999998,0,0,0,9700.0,30050.0,39750.0,30050.0,39750.0,167.0,1212.0
195,Haverford College,Pennsylvania,59300.0,47.0,36.0,2017,71614.0,21169.720546,0,0,0,16402.0,54592.0,70994.0,54592.0,70994.0,345.0,1194.0
196,Hawaii Pacific University,Hawaii,52200.0,56.0,15.0,2017,44000.0,29636.100426,1,0,0,14800.0,25980.0,40780.0,25980.0,40780.0,3169.0,5827.0
197,Henderson State University,Arkansas,42900.0,57.0,5.0,2017,21930.0,12588.40216,0,1,0,7504.0,8436.0,15940.0,10086.0,17590.0,1175.0,3627.0
198,Hendrix College,Arkansas,48100.0,58.0,33.0,2017,58688.0,20868.367022,0,0,0,12284.0,45790.0,58074.0,45790.0,58074.0,239.0,1358.0
199,High Point University,North-Carolina,48600.0,50.0,8.0,2017,50305.0,37663.358316000005,1,0,0,14130.0,35118.0,49248.0,35118.0,49248.0,668.0,4399.0
200,Hofstra University,New-York,57300.0,38.0,7.0,2017,64277.0,32379.936728,1,0,0,15948.0,46760.0,62708.0,46760.0,62708.0,3363.0,10953.0
201,Holy Cross College,Indiana,48100.0,53.8780487804878,0.0,2017,43081.0,22633.624392,0,0,0,11500.0,30820.0,42320.0,30820.0,42320.0,134.0,520.0
202,Hood College,Maryland,47900.0,49.0,32.0,2017,54335.0,24275.17828,0,0,0,12700.0,39492.0,52192.0,39492.0,52192.0,545.0,2365.0
203,Hope College,Michigan,49200.0,51.0,18.0,2017,42030.0,22915.062682,0,0,0,10310.0,34010.0,44320.0,34010.0,44320.0,467.0,3455.0
204,Huntingdon College,Alabama,42400.0,69.0,14.0,2017,36235.0,20436.861598,0,0,0,9750.0,27400.0,37150.0,27400.0,37150.0,313.0,1160.0
205,Husson University,Maine,43300.0,52.0,1.0,2017,30610.0,19597.170564,0,0,0,9830.0,18180.0,28010.0,18180.0,28010.0,328.0,3415.0
206,Idaho State University,Idaho,50800.0,64.0,12.0,2017,21739.0,17793.057924,0,1,0,7207.0,7420.0,14627.0,22940.0,30147.0,1937.0,13429.0
207,Illinois Institute of Technology,Illinois,64600.0,47.0,64.0,2017,63760.5,21819.210132,0,0,0,12762.0,47296.0,60058.0,47296.0,60058.0,1486.0,7898.0
208,Illinois State University,Illinois,51200.0,47.0,10.0,2017,29308.0,20910.505394,0,1,0,9850.0,14516.0,24366.0,26040.0,35890.0,4119.0,20615.0
209,Illinois Wesleyan University,Illinois,53100.0,44.0,18.0,2017,58830.0,25080.12514,0,0,0,10984.0,47636.0,58620.0,47636.0,58620.0,346.0,1893.0
210,Indiana State University,Indiana,47900.0,55.0,8.0,2017,22402.0,14366.713284599999,0,1,0,10590.0,9090.0,19680.0,19836.0,30426.0,3191.0,13183.0
211,Iowa State University,Iowa,56100.0,48.0,31.0,2017,20606.0,13483.33004,0,1,0,8720.0,8988.0,17708.0,23392.0,32112.0,4065.0,34435.0
212,Jackson State University,Mississippi,41700.0,67.0,16.0,2017,21658.5,17119.613404,0,1,0,9552.0,8226.0,17778.0,19454.0,29006.0,8708.0,9508.0
213,Jacksonville State University,Alabama,43800.0,61.0,7.0,2017,21128.0,18231.9682,0,1,0,8100.0,10425.0,18525.0,20145.0,28245.0,2258.0,8659.0
214,Jacksonville University,Florida,50100.0,66.0,5.0,2017,54907.0,27595.119290000002,1,0,0,14080.0,36670.0,50750.0,36670.0,50750.0,1089.0,4085.0
215,James Madison University,Virginia,57400.0,42.0,12.0,2017,26122.0,18886.760712,0,1,0,10092.0,12016.0,22108.0,28416.0,38508.0,3574.0,20855.0
216,Jefferson College of Health Sciences,Virginia,55500.0,86.0,1.0,2017,44085.0,29544.834112,1,0,0,5870.0,26886.0,32756.0,26886.0,32756.0,165.0,1131.0
217,John Brown University,Arkansas,47000.0,53.0,9.0,2017,35564.0,22207.083332000002,0,0,0,9224.0,26928.0,36152.0,26928.0,36152.0,451.0,2850.0
218,John Carroll University,Ohio,51600.0,39.0,16.0,2017,55820.0,23786.133902,0,0,0,11874.0,41340.0,53214.0,41340.0,53214.0,437.0,3688.0
219,Johns Hopkins University,Maryland,67200.0,57.0,31.0,2017,67434.0,20703.8200166,0,0,0,15836.0,54240.0,70076.0,54240.0,70076.0,6588.0,21372.0
220,Kalamazoo College,Michigan,51600.0,52.0,31.0,2017,59267.0,21178.437158,0,0,0,9756.0,48516.0,58272.0,48516.0,58272.0,372.0,1461.0
221,Kansas State University,Kansas,52500.0,51.0,18.0,2017,23501.0,17508.701524,0,1,0,9680.0,10263.0,19943.0,25767.0,35447.0,3579.0,24766.0
222,Kansas Wesleyan University,Kansas,44700.0,61.0,10.0,2017,41162.0,26622.069254000002,1,0,0,9500.0,29500.0,39000.0,29500.0,39000.0,160.0,710.0
223,Kean University,New-Jersey,48200.0,51.0,10.0,2017,28495.0,20368.738126,0,1,0,14470.0,12348.0,26818.0,19383.0,33853.0,7358.0,14359.0
224,Keene State College,New-Hampshire,48900.0,49.0,8.0,2017,26340.0,18947.964442,0,1,0,11026.0,14212.0,25238.0,23176.0,34202.0,373.0,4957.0
225,Kennesaw State University,Georgia,52500.0,46.0,22.0,2017,25773.0,18271.6,0,1,0,11467.0,7432.0,18899.0,21158.0,32625.0,8685.0,25714.0
226,Kentucky Christian University,Kentucky,39600.0,68.0,3.0,2017,35716.0,19038.673952,0,0,0,8270.0,19820.0,28090.0,19820.0,28090.0,77.0,658.0
227,Kentucky State University,Kentucky,40700.0,57.0,13.0,2017,20395.5,7160.199549800001,0,1,0,6690.0,8090.0,14780.0,19390.0,26080.0,1097.0,1895.0
228,Kentucky Wesleyan College,Kentucky,42100.0,65.0,14.0,2017,39528.0,21516.448114,0,0,0,9764.0,26440.0,36204.0,26440.0,36204.0,118.0,709.0
229,Kenyon College,Ohio,55000.0,50.0,17.0,2017,69180.0,21300.425498,0,0,0,12510.0,55930.0,68440.0,55930.0,68440.0,313.0,1662.0
230,Kettering College,Ohio,54300.0,53.8780487804878,0.0,2017,30293.0,20553.980919999998,0,0,0,4100.0,16200.0,20300.0,16200.0,20300.0,113.0,760.0
231,Kettering University,Michigan,69900.0,44.0,74.0,2017,59227.0,36785.643708,1,0,0,8240.0,43490.0,51730.0,43490.0,51730.0,277.0,2079.0
232,Knox College,Illinois,50600.0,45.0,24.0,2017,56554.0,23553.602452,0,0,0,9870.0,46554.0,56424.0,46554.0,56424.0,421.0,1399.0
233,La Salle University,Pennsylvania,55800.0,40.0,5.0,2017,42238.0,20337.752972,0,0,0,15080.0,30560.0,45640.0,30560.0,45640.0,2198.0,6242.0
234,Lafayette College,Pennsylvania,66500.0,37.0,47.0,2017,68640.0,23180.082594800002,0,0,0,15640.0,52880.0,68520.0,52880.0,68520.0,422.0,2503.0
235,Lake Forest College,Illinois,55400.0,46.0,21.0,2017,58675.0,22913.513948,0,0,0,10390.0,47064.0,57454.0,47064.0,57454.0,493.0,1626.0
236,Lake Superior State University,Michigan,45900.0,48.0,14.0,2017,22424.0,12649.219921599999,0,1,0,9882.0,12090.0,21972.0,12090.0,21972.0,359.0,2407.0
237,Lamar University,Texas,53300.0,57.0,16.0,2017,21648.0,14859.157387999998,0,1,0,8920.0,10192.0,19112.0,22642.0,31562.0,6403.0,14895.0
238,Lander University,South-Carolina,42600.0,54.0,9.0,2017,24500.0,15682.170078000001,0,1,0,9100.0,11700.0,20800.0,21300.0,30400.0,997.0,2787.0
239,Langston University,Oklahoma,46500.0,66.0,8.0,2017,20482.5,15219.928883999999,0,1,0,9476.0,5950.0,15426.0,13300.0,22776.0,2037.0,2482.0
240,Lawrence Technological University,Michigan,57900.0,49.0,60.0,2017,47482.0,26811.936884000002,1,0,0,9950.0,33570.0,43520.0,33570.0,43520.0,1273.0,4015.0
241,Lawrence University,Wisconsin,51500.0,58.0,25.0,2017,58230.0,23433.815658,0,0,0,10341.0,47475.0,57816.0,47475.0,57816.0,278.0,1511.0
242,LeTourneau University,Texas,56600.0,53.0,21.0,2017,43936.5,21305.423262,0,0,0,9970.0,30210.0,40180.0,30210.0,40180.0,644.0,2667.0
243,Lehigh University,Pennsylvania,69500.0,45.0,52.0,2017,65925.0,25304.121046,0,0,0,13600.0,52930.0,66530.0,52930.0,66530.0,1340.0,7119.0
244,Lenoir-Rhyne University,North-Carolina,46400.0,54.0,7.0,2017,51510.0,19956.523268,0,0,0,12510.0,36400.0,48910.0,36400.0,48910.0,421.0,2050.0
245,Lewis & Clark College,Oregon,50000.0,51.0,12.0,2017,62086.0,28155.016274,1,0,0,12490.0,50934.0,63424.0,50934.0,63424.0,680.0,3504.0
246,Lewis University,Illinois,49700.0,53.0,14.0,2017,43847.0,19524.774604,0,0,0,10578.0,32450.0,43028.0,32450.0,43028.0,2028.0,6689.0
247,Lewis-Clark State College,Idaho,44900.0,60.0,5.0,2017,17315.0,11070.3477256,0,1,0,7580.0,6618.0,14198.0,19236.0,26816.0,501.0,4304.0
248,Limestone College,South-Carolina,42100.0,57.0,10.0,2017,39626.0,25732.58278,0,0,0,9765.0,26000.0,35765.0,26000.0,35765.0,1647.0,3214.0
249,Lindenwood University,Missouri,45100.0,48.0,9.0,2017,31010.0,17315.223306,0,0,0,9000.0,17600.0,26600.0,17600.0,26600.0,2825.0,12151.0
250,Lindsey Wilson College,Kentucky,35300.0,52.0,2.0,2017,39148.5,16667.95533,0,0,0,9385.0,24850.0,34235.0,24850.0,34235.0,342.0,2641.0
251,Lipscomb University,Tennessee,49000.0,59.0,12.0,2017,46698.0,24384.292840000002,0,0,0,12652.0,32144.0,44796.0,32144.0,44796.0,789.0,4489.0
252,Longwood University,Virginia,47300.0,54.0,9.0,2017,27158.0,19100.796867999998,0,1,0,11746.0,13340.0,25086.0,29300.0,41046.0,902.0,5096.0
253,Loras College,Iowa,48000.0,56.0,14.0,2017,43837.0,17621.778174,0,0,0,8275.0,34184.0,42459.0,34184.0,42459.0,166.0,1569.0
254,Louisiana College,Louisiana,44800.0,58.0,4.0,2017,28017.0,16343.031798,0,0,0,5618.0,17000.0,22618.0,17000.0,22618.0,355.0,1256.0
255,Louisiana Tech University,Louisiana,53100.0,57.0,24.0,2017,21442.5,11777.3800796,0,1,0,6495.0,9645.0,16140.0,18558.0,25053.0,1944.0,11225.0
256,Loyola Marymount University,California,58500.0,39.0,9.0,2017,65253.5,36735.614724,1,0,0,14490.0,48522.0,63012.0,48522.0,63012.0,4471.0,9515.0
257,Loyola University Chicago,Illinois,53400.0,45.0,15.0,2017,58668.0,32281.676954000002,1,0,0,14480.0,44048.0,58528.0,44048.0,58528.0,4931.0,15902.0
258,Loyola University Maryland,Maryland,59900.0,40.0,8.0,2017,61460.0,30140.651422000003,1,0,0,14430.0,49085.0,63515.0,49085.0,63515.0,1277.0,5967.0
259,Loyola University New Orleans,Louisiana,47900.0,47.0,4.0,2017,55402.0,22223.523087999998,0,0,0,13380.0,39692.0,53072.0,39692.0,53072.0,1507.0,4330.0
260,Luther College,Iowa,48200.0,49.0,21.0,2017,54045.0,23497.62951,0,0,0,9460.0,42290.0,51750.0,42290.0,51750.0,210.0,2385.0
261,Lyndon State College,Vermont,41500.0,49.0,8.0,2017,24720.0,15172.394338000002,0,1,0,10598.0,12074.0,22672.0,25394.0,35992.0,150.0,1430.0
262,Lyon College,Arkansas,41200.0,53.0,33.0,2017,39120.0,19533.249512000002,0,0,0,9130.0,28790.0,37920.0,28790.0,37920.0,112.0,712.0
263,MCPHS University,Massachusetts,65900.0,71.0,2.0,2017,53362.0,39164.185698,1,0,0,16400.0,32705.0,49105.0,32705.0,49105.0,2022.0,6935.0
264,Macalester College,Minnesota,53600.0,51.0,31.0,2017,66280.0,22995.816332,0,0,0,12156.0,54344.0,66500.0,54344.0,66500.0,431.0,2073.0
265,Maharishi University of Management,Iowa,46800.0,53.8780487804878,65.0,2017,39730.0,12244.4,0,0,0,7400.0,16530.0,23930.0,16530.0,23930.0,187.0,1454.0
266,Maine College of Art,Maine,36300.0,37.0,0.0,2017,47235.0,30673.767606,1,0,0,11890.0,35000.0,46890.0,35000.0,46890.0,66.0,459.0
267,Maine Maritime Academy,Maine,67000.0,65.0,48.0,2017,27288.0,22649.605804,0,1,0,10310.0,13478.0,23788.0,27098.0,37408.0,26.0,1060.0
268,Manchester University,Indiana,46900.0,56.0,10.0,2017,43355.5,20208.350352,0,0,0,9580.0,32758.0,42338.0,32758.0,42338.0,259.0,1488.0
269,Manhattan Christian College,Kansas,39400.0,53.8780487804878,0.0,2017,29707.0,21569.483472,0,0,0,9092.0,15850.0,24942.0,15850.0,24942.0,26.0,311.0
270,Manhattan College,New-York,64000.0,46.0,40.0,2017,60212.0,29115.947326,1,0,0,16200.0,43480.0,59680.0,43480.0,59680.0,1069.0,3970.0
271,Marietta College,Ohio,51200.0,57.0,45.0,2017,46587.0,23290.536031999996,0,0,0,11320.0,36040.0,47360.0,36040.0,47360.0,161.0,1500.0
272,Marquette University,Wisconsin,57800.0,52.0,25.0,2017,56362.5,26634.796363999998,1,0,0,12720.0,41870.0,54590.0,41870.0,54590.0,2309.0,11745.0
273,Marshall University,West-Virginia,45000.0,50.0,12.0,2017,21260.0,10723.4842216,0,1,0,10450.0,8128.0,18578.0,18614.0,29064.0,1451.0,13381.0
274,Maryland Institute College of Art,Maryland,49000.0,40.0,0.0,2017,61655.0,38559.922202,1,0,0,13280.0,48630.0,61910.0,48630.0,61910.0,658.0,2262.0
275,Marymount University,Virginia,52300.0,44.0,15.0,2017,48974.5,25421.633718,0,0,0,13190.0,31466.0,44656.0,31466.0,44656.0,1368.0,3441.0
276,Maryville College,Tennessee,42800.0,68.0,16.0,2017,49266.0,18381.047518,0,0,0,11424.0,34880.0,46304.0,34880.0,46304.0,226.0,1213.0
277,Maryville University of Saint Louis,Missouri,46800.0,53.0,2.0,2017,48703.0,23092.332532,0,0,0,10088.0,28470.0,38558.0,28470.0,38558.0,1154.0,5931.0
278,Massachusetts Institute of Technology,Massachusetts,86300.0,52.0,69.0,2017,67430.0,16440.735270600002,0,0,0,15510.0,51832.0,67342.0,51832.0,67342.0,3697.0,11319.0
279,Massachusetts Maritime Academy,Massachusetts,67900.0,53.0,47.0,2017,25659.0,13320.9794254,0,1,0,12675.0,9724.0,22399.0,26102.0,38777.0,142.0,1497.0
280,Mayville State University,North-Dakota,43700.0,44.0,10.0,2017,17626.0,10980.284866,0,1,0,7840.0,6666.0,14506.0,9399.0,17239.0,179.0,1081.0
281,McDaniel College,Maryland,51100.0,54.0,6.0,2017,53800.0,19256.896032,0,0,0,11430.0,43260.0,54690.0,43260.0,54690.0,576.0,3206.0
282,McNeese State University,Louisiana,50200.0,57.0,13.0,2017,21899.0,12236.5301926,0,1,0,8704.0,7859.0,16563.0,18934.0,27638.0,1984.0,8237.0
283,McPherson College,Kansas,44500.0,59.0,9.0,2017,41920.0,22423.296118,0,0,0,8788.0,28951.0,37739.0,28951.0,37739.0,184.0,659.0
284,Menlo College,California,61900.0,59.0,0.0,2017,59062.0,27906.23789,1,0,0,14225.0,42800.0,57025.0,42800.0,57025.0,359.0,794.0
285,Mercer University,Georgia,48500.0,62.0,14.0,2017,51745.5,20605.135498,0,0,0,11616.0,36894.0,48510.0,36894.0,48510.0,3647.0,8552.0
286,Merrimack College,Massachusetts,56000.0,50.0,13.0,2017,57865.0,31130.579326,1,0,0,15845.0,41760.0,57605.0,41760.0,57605.0,371.0,3337.0
287,Methodist University,North-Carolina,45800.0,58.0,9.0,2017,53346.5,32289.64115,1,0,0,12890.0,33846.0,46736.0,33846.0,46736.0,785.0,2461.0
288,Metropolitan State University,Minnesota,50200.0,53.0,11.0,2017,27545.0,17287.04594,0,1,0,10984.052459016393,7879.0,7879.0,14980.0,14980.0,3314.0,8355.0
289,Michigan State University,Michigan,55300.0,46.0,20.0,2017,28478.0,18751.8603434,0,1,0,10322.0,14460.0,24782.0,39765.0,50087.0,8678.0,50081.0
290,Michigan Technological University,Michigan,65000.0,47.0,81.0,2017,29100.0,14178.828106,0,1,0,10756.0,15646.0,26402.0,33726.0,44482.0,491.0,7099.0
291,Mid-America Christian University,Oklahoma,40700.0,71.0,0.0,2017,28678.0,18420.167183999998,0,0,0,8036.0,18334.0,26370.0,18334.0,26370.0,1152.0,2688.0
292,MidAmerica Nazarene University,Kansas,46200.0,60.0,1.0,2017,43602.5,20965.687073999998,0,0,0,8708.0,30736.0,39444.0,30736.0,39444.0,382.0,1870.0
293,Middle Tennessee State University,Tennessee,46500.0,52.0,9.0,2017,22722.0,13985.867357399999,0,1,0,9436.0,9206.0,18642.0,28364.0,37800.0,6653.0,22729.0
294,Middlebury College,Vermont,60400.0,54.0,19.0,2017,69464.0,17552.823518800004,0,0,0,15530.0,54450.0,69980.0,54450.0,69980.0,588.0,2533.0
295,Midland University,Nebraska,43800.0,60.0,7.0,2017,43025.0,23603.385204,0,0,0,8776.0,32558.0,41334.0,32558.0,41334.0,219.0,1362.0
296,Miles College,Alabama,34800.0,64.0,19.0,2017,24955.5,17887.969576,0,0,0,7042.0,11604.0,18646.0,11604.0,18646.0,1748.0,1782.0
297,Milligan College,Tennessee,41200.0,63.0,5.0,2017,43352.0,20742.221908,0,0,0,7100.0,33700.0,40800.0,33700.0,40800.0,137.0,1164.0
298,Millsaps College,Mississippi,49300.0,56.0,24.0,2017,55322.0,22482.451858,0,0,0,13730.0,39910.0,53640.0,39910.0,53640.0,154.0,842.0
299,Milwaukee School of Engineering,Wisconsin,65700.0,50.0,69.0,2017,53105.5,20583.618458,0,0,0,10389.0,40749.0,51138.0,40749.0,51138.0,343.0,2810.0
300,Minneapolis College of Art and Design,Minnesota,47400.0,39.0,0.0,2017,49688.0,26600.70059,1,0,0,5610.0,39210.0,44820.0,39210.0,44820.0,143.0,783.0
301,Minot State University,North-Dakota,44500.0,55.0,7.0,2017,18284.0,10593.3975542,0,1,0,6610.0,7064.0,13674.0,7064.0,13674.0,545.0,3410.0
302,Mississippi College,Mississippi,45200.0,57.0,20.0,2017,32748.0,17365.087396,0,0,0,10300.0,18026.0,28326.0,18026.0,28326.0,1489.0,4984.0
303,Mississippi State University,Mississippi,51100.0,57.0,27.0,2017,24370.0,17707.571451999996,0,1,0,10090.0,8760.0,18850.0,23360.0,33450.0,4985.0,20138.0
304,Mississippi University for Women,Mississippi,39500.0,63.0,2.0,2017,19380.0,12708.235949999998,0,1,0,7424.0,7040.0,14464.0,7040.0,14464.0,1068.0,2696.0
305,Mississippi Valley State University,Mississippi,32500.0,70.0,11.0,2017,19986.0,11369.767332,0,1,0,8043.0,6570.0,14613.0,6570.0,14613.0,2072.0,2222.0
306,Missouri University of Science and Technology,Missouri,67300.0,50.0,80.0,2017,22012.0,13955.478196,0,1,0,10274.0,10169.0,20443.0,28499.0,38773.0,983.0,8640.0
307,Missouri Western State University,Missouri,43400.0,53.0,14.0,2017,19965.0,11806.9497314,0,1,0,10984.052459016393,6466.0,6466.0,14137.0,14137.0,938.0,5834.0
308,Monmouth University,New-Jersey,52200.0,44.0,13.0,2017,52617.0,29036.121892000003,1,0,0,13981.0,38138.0,52119.0,38138.0,52119.0,1293.0,6395.0
309,Montana Tech of the University of Montana,Montana,61200.0,64.0,61.0,2017,20924.0,13587.940756,0,1,0,9656.0,7411.0,17067.0,22574.0,32230.0,113.0,2085.0
310,Montclair State University,New-Jersey,50800.0,42.0,9.0,2017,30954.0,20085.98774,0,1,0,15564.0,12790.0,28354.0,20578.0,36142.0,8096.0,20022.0
311,Morehead State University,Kentucky,41300.0,56.0,9.0,2017,22319.5,13569.775956000001,0,1,0,9960.0,9170.0,19130.0,13646.0,23606.0,786.0,11052.0
312,Morehouse College,Georgia,55700.0,58.0,26.0,2017,48723.0,36579.641692,1,0,0,13438.0,27574.0,41012.0,27574.0,41012.0,2007.0,2109.0
313,Morningside College,Iowa,44900.0,60.0,6.0,2017,44434.0,22750.556648,0,0,0,9610.0,31530.0,41140.0,31530.0,41140.0,174.0,2823.0
314,Mount Carmel College of Nursing,Ohio,56600.0,78.0,0.0,2017,24782.0,17853.814334000002,0,0,0,5000.0,13907.0,18907.0,13907.0,18907.0,129.0,1084.0
315,Mount Marty College,South-Dakota,41400.0,67.0,5.0,2017,39762.0,20675.992414,0,0,0,7986.0,27276.0,35262.0,27276.0,35262.0,145.0,1236.0
316,Mount Mercy University,Iowa,47200.0,51.0,4.0,2017,44449.0,20699.880677999998,0,0,0,9534.0,31798.0,41332.0,31798.0,41332.0,156.0,1762.0
317,Muhlenberg College,Pennsylvania,53400.0,43.0,20.0,2017,65330.0,25169.440602,0,0,0,11765.0,52595.0,64360.0,52595.0,64360.0,333.0,2440.0
318,Multnomah University,Oregon,40500.0,82.0,0.0,2017,39028.0,25025.20031,0,0,0,8870.0,25900.0,34770.0,25900.0,34770.0,123.0,753.0
319,Murray State University,Kentucky,44800.0,56.0,9.0,2017,23201.0,12280.8076444,0,1,0,9190.0,9084.0,18274.0,24540.0,33730.0,1270.0,11207.0
320,Nazarene Bible College,Colorado,33600.0,53.8780487804878,0.0,2017,26110.0,7362.676845999999,0,0,0,10984.052459016393,14700.0,14700.0,14700.0,14700.0,138.0,762.0
321,Nebraska Wesleyan University,Nebraska,45700.0,60.0,8.0,2017,46544.0,23318.906744,0,0,0,9622.0,34202.0,43824.0,34202.0,43824.0,228.0,2083.0
322,New College of Florida,Florida,47300.0,40.0,4.0,2017,21651.0,11373.0419236,0,1,0,9264.0,6919.0,16183.0,29944.0,39208.0,208.0,834.0
323,New England College,New-Hampshire,45700.0,43.0,24.0,2017,52866.0,27420.816749999998,1,0,0,14222.0,37914.0,52136.0,37914.0,52136.0,638.0,2399.0
324,New England Institute of Technology,Rhode-Island,51700.0,44.0,14.0,2017,43292.5,34215.482428,1,0,0,13065.0,29940.0,43005.0,29940.0,43005.0,517.0,2922.0
325,New Jersey City University,New-Jersey,48700.0,55.0,9.0,2017,29438.5,16419.047889999998,0,1,0,12738.0,12051.0,24789.0,21573.0,34311.0,5024.0,8136.0
326,New Jersey Institute of Technology,New-Jersey,64600.0,51.0,75.0,2017,36148.0,20742.043008,0,1,0,13600.0,17338.0,30938.0,32750.0,46350.0,4825.0,10646.0
327,New Mexico Highlands University,New-Mexico,40400.0,63.0,4.0,2017,19584.0,14817.589484,0,1,0,7872.0,6150.0,14022.0,10302.0,18174.0,2377.0,3546.0
328,New Mexico Institute of Mining and Technology,New-Mexico,64700.0,61.0,91.0,2017,21345.0,13876.254464599999,0,1,0,8510.0,7770.0,16280.0,22268.0,30778.0,762.0,2127.0
329,New York University,New-York,63100.0,42.0,18.0,2017,71790.0,38305.850522,1,0,0,18156.0,51828.0,69984.0,51828.0,69984.0,15342.0,49274.0
330,Newberry College,South-Carolina,41200.0,54.0,14.0,2017,39203.0,19908.343333999997,0,0,0,10666.0,26424.0,37090.0,26424.0,37090.0,375.0,1093.0
331,Newman University,Kansas,48000.0,66.0,11.0,2017,43437.0,14410.700514,0,0,0,8326.0,30724.0,39050.0,30724.0,39050.0,827.0,3687.0
332,Nicholls State University,Louisiana,44500.0,53.0,5.0,2017,22195.0,13428.327314,0,1,0,9938.0,7982.0,17920.0,9075.0,19013.0,1806.0,6292.0
333,North Carolina Wesleyan College,North-Carolina,45300.0,62.0,8.0,2017,42075.0,17920.241926,0,0,0,10800.0,31000.0,41800.0,31000.0,41800.0,994.0,1872.0
334,North Central College,Illinois,50400.0,45.0,9.0,2017,52501.5,23080.198303999998,0,0,0,11019.0,38880.0,49899.0,38880.0,49899.0,544.0,3043.0
335,Northeastern State University,Oklahoma,44500.0,58.0,7.0,2017,18442.0,10924.3619662,0,1,0,7638.0,6650.0,14288.0,14720.0,22358.0,3766.0,8310.0
336,Northeastern University,Massachusetts,62500.0,46.0,40.0,2017,68177.0,22935.98221,0,0,0,16880.0,51387.0,68267.0,51387.0,68267.0,4094.0,19798.0
337,Northern Arizona University,Arizona,49600.0,56.0,12.0,2017,27028.0,15394.475034,0,1,0,10282.0,11564.0,21846.0,25828.0,36110.0,8961.0,27705.0
338,Northern Illinois University,Illinois,53000.0,47.0,20.0,2017,28848.0,19976.473082,0,1,0,10880.0,12262.0,23142.0,12262.0,23142.0,6961.0,20611.0
339,Northern Kentucky University,Kentucky,49000.0,46.0,12.0,2017,24208.0,9812.446356999999,0,1,0,10022.0,10032.0,20054.0,19680.0,29702.0,1865.0,15090.0
340,Northern State University,South-Dakota,42300.0,56.0,7.0,2017,21327.0,15428.571612,0,1,0,8029.0,8498.0,16527.0,11471.0,19500.0,272.0,3531.0
341,Northwest Christian University,Oregon,45200.0,62.0,5.0,2017,40810.0,19073.158012,0,0,0,9300.0,30050.0,39350.0,30050.0,39350.0,133.0,705.0
342,Northwest Missouri State University,Missouri,46900.0,50.0,26.0,2017,19346.0,11877.353505,0,1,0,10016.0,9805.0,19821.0,16457.0,26473.0,790.0,6720.0
343,Northwest Nazarene University,Idaho,46200.0,68.0,7.0,2017,40902.5,19078.768134,0,0,0,7400.0,29300.0,36700.0,29300.0,36700.0,306.0,2249.0
344,Northwestern Oklahoma State University,Oklahoma,42200.0,55.0,11.0,2017,16138.5,9529.6054104,0,1,0,4780.0,7036.0,11816.0,14153.0,18933.0,459.0,2166.0
345,Northwestern University,Illinois,63400.0,46.0,20.0,2017,72980.0,17944.988595199997,0,0,0,16626.0,54567.0,71193.0,54567.0,71193.0,6321.0,21554.0
346,Norwich University,Vermont,57000.0,51.0,20.0,2017,56234.0,21039.283094,0,0,0,13840.0,40016.0,53856.0,40016.0,53856.0,704.0,3672.0
347,Notre Dame of Maryland University,Maryland,48300.0,58.0,3.0,2017,51129.0,9827.103846,0,0,0,11850.0,36900.0,48750.0,36900.0,48750.0,960.0,2764.0
348,Nova Southeastern University,Florida,50200.0,60.0,9.0,2017,53314.0,27544.870523999998,1,0,0,13250.0,30900.0,44150.0,30900.0,44150.0,13498.0,24148.0
349,Oakland University,Michigan,51300.0,49.0,19.0,2017,24165.0,12562.9789088,0,1,0,10100.0,12606.0,22706.0,24230.0,34330.0,3709.0,20519.0
350,Oakwood University,Alabama,43500.0,71.0,16.0,2017,34980.0,26055.135552,0,0,0,9312.0,16720.0,26032.0,16720.0,26032.0,1696.0,1939.0
351,Oberlin College,Ohio,53100.0,47.0,21.0,2017,71284.0,23335.203872000002,0,0,0,16338.0,55054.0,71392.0,55054.0,71392.0,666.0,2978.0
352,Oglethorpe University,Georgia,52400.0,50.0,12.0,2017,54115.0,22391.301966,0,0,0,13200.0,38100.0,51300.0,38100.0,51300.0,390.0,1094.0
353,Ohio Northern University,Ohio,54400.0,49.0,22.0,2017,46118.0,22631.103154,0,0,0,11650.0,32260.0,43910.0,32260.0,43910.0,321.0,3695.0
354,Ohio Wesleyan University,Ohio,51300.0,46.0,21.0,2017,57370.0,24674.800706,0,0,0,12430.0,45760.0,58190.0,45760.0,58190.0,308.0,1734.0
355,Oklahoma Baptist University,Oklahoma,43900.0,62.0,8.0,2017,39840.0,17590.039686,0,0,0,7350.0,28258.0,35608.0,28258.0,35608.0,451.0,1979.0
356,Oklahoma Christian University,Oklahoma,49700.0,57.0,41.0,2017,34915.0,18065.323303999998,0,0,0,8190.0,22760.0,30950.0,22760.0,30950.0,855.0,2475.0
357,Oklahoma City University,Oklahoma,47700.0,58.0,9.0,2017,45408.0,26485.907767999997,0,0,0,8896.0,31026.0,39922.0,31026.0,39922.0,727.0,3035.0
358,Oklahoma Panhandle State University,Oklahoma,42300.0,54.0,10.0,2017,15595.5,10984.105680600002,0,1,0,4695.0,8194.0,12889.0,9133.0,13828.0,440.0,1298.0
359,Oklahoma Wesleyan University,Oklahoma,43300.0,58.0,1.0,2017,39326.0,26932.865878,1,0,0,8644.0,26956.0,35600.0,26956.0,35600.0,344.0,1345.0
360,Old Dominion University,Virginia,50200.0,52.0,19.0,2017,25594.0,16523.42561,0,1,0,11620.0,10872.0,22492.0,29772.0,41392.0,10059.0,24932.0
361,Oral Roberts University,Oklahoma,45900.0,59.0,8.0,2017,41546.5,19607.62169,0,0,0,9450.0,27728.0,37178.0,27728.0,37178.0,1185.0,3481.0
362,Oregon Institute of Technology,Oregon,61200.0,60.0,27.0,2017,24958.5,16944.848171999998,0,1,0,9058.0,9987.0,19045.0,28056.0,37114.0,937.0,4260.0
363,Oregon State University,Oregon,56200.0,53.0,34.0,2017,26216.0,19827.859168,0,1,0,12855.0,11166.0,24021.0,30141.0,42996.0,6320.0,28886.0
364,Ouachita Baptist University,Arkansas,44100.0,58.0,18.0,2017,37900.0,18133.53059,0,0,0,7880.0,26790.0,34670.0,26790.0,34670.0,212.0,1501.0
365,Pacific Lutheran University,Washington,54500.0,53.0,20.0,2017,54800.0,23624.198991999998,0,0,0,10790.0,42066.0,52856.0,42066.0,52856.0,847.0,3242.0
366,Pacific Northwest College of Art,Oregon,46300.0,53.8780487804878,0.0,2017,53316.0,33852.562064,1,0,0,12860.0,38250.0,51110.0,38250.0,51110.0,114.0,519.0
367,Pacific University,Oregon,50200.0,66.0,8.0,2017,57488.0,28296.551767999998,1,0,0,12528.0,44298.0,56826.0,44298.0,56826.0,1200.0,3640.0
368,Park University,Missouri,48500.0,56.0,7.0,2017,22849.0,16403.999276,0,0,0,8200.0,12650.0,20850.0,12650.0,20850.0,4053.0,10792.0
369,Peru State College,Nebraska,42600.0,50.0,6.0,2017,19052.0,13986.863466,0,1,0,8010.0,7452.0,15462.0,7482.0,15492.0,433.0,2499.0
370,Pfeiffer University,North-Carolina,44200.0,51.0,4.0,2017,44032.0,25091.97083,0,0,0,11226.0,30234.0,41460.0,30234.0,41460.0,568.0,1784.0
371,Philander Smith College,Arkansas,34600.0,53.8780487804878,26.0,2017,27217.5,15191.0,0,0,0,8250.0,12414.0,20664.0,12414.0,20664.0,530.0,567.0
372,Pittsburg State University,Kansas,47100.0,51.0,8.0,2017,19591.0,14311.626662,0,1,0,7778.0,7298.0,15076.0,18642.0,26420.0,1088.0,7479.0
373,Plymouth State University,New-Hampshire,47000.0,50.0,6.0,2017,27819.0,21521.949453999998,0,1,0,11100.0,14099.0,25199.0,22769.0,33869.0,397.0,4855.0
374,Pomona College,California,63800.0,47.0,37.0,2017,67225.0,17322.2998344,0,0,0,16716.0,52780.0,69496.0,52780.0,69496.0,682.0,1650.0
375,Portland State University,Oregon,50800.0,48.0,16.0,2017,26642.0,15492.373092,0,1,0,10428.0,9105.0,19533.0,27060.0,37488.0,7428.0,27696.0
376,Presbyterian College,South-Carolina,48800.0,57.0,14.0,2017,51886.0,19679.608814,0,0,0,10480.0,38660.0,49140.0,38660.0,49140.0,300.0,1460.0
377,Prescott College,Arizona,41200.0,69.0,0.0,2017,41103.0,24838.511791999998,0,0,0,7700.0,31485.0,39185.0,31485.0,39185.0,120.0,848.0
378,Princeton University,New-Jersey,75200.0,48.0,48.0,2017,66150.0,12198.4380594,0,0,0,16290.0,49330.0,65620.0,49330.0,65620.0,2625.0,8088.0
379,Providence College,Rhode-Island,58900.0,44.0,11.0,2017,63964.0,30675.349995999997,1,0,0,14700.0,50390.0,65090.0,50390.0,65090.0,652.0,4533.0
380,Queens University of Charlotte,North-Carolina,49400.0,48.0,9.0,2017,47504.0,22252.549666,0,0,0,10860.0,34684.0,45544.0,34684.0,45544.0,596.0,2248.0
381,Quinnipiac University,Connecticut,55900.0,46.0,10.0,2017,64405.0,36953.226588000005,1,0,0,14540.0,47960.0,62500.0,47960.0,62500.0,1614.0,9035.0
382,Radford University,Virginia,48900.0,53.0,10.0,2017,23449.0,17208.747986,0,1,0,9406.0,11210.0,20616.0,22845.0,32251.0,2225.0,9798.0
383,Ramapo College of New Jersey,New-Jersey,51600.0,41.0,12.0,2017,31809.5,20553.127556,0,1,0,12450.0,14374.0,26824.0,23715.0,36165.0,1574.0,6003.0
384,Randolph College,Virginia,47000.0,50.0,23.0,2017,54225.0,26360.7043,0,0,0,13580.0,39585.0,53165.0,39585.0,53165.0,153.0,693.0
385,Reed College,Oregon,56100.0,44.0,26.0,2017,68655.0,27061.089962,1,0,0,14210.0,56340.0,70550.0,56340.0,70550.0,372.0,1394.0
386,Regis University,Colorado,55500.0,58.0,13.0,2017,51202.0,23701.315916,0,0,0,11560.0,36810.0,48370.0,36810.0,48370.0,2653.0,9208.0
387,Rensselaer Polytechnic Institute,New-York,71300.0,49.0,78.0,2017,70132.0,30213.980411999997,1,0,0,15260.0,53880.0,69140.0,53880.0,69140.0,1645.0,6835.0
388,Rhode Island College,Rhode-Island,47200.0,52.0,5.0,2017,23832.0,11854.8564874,0,1,0,11829.0,8929.0,20758.0,21692.0,33521.0,2227.0,8641.0
389,Rhode Island School of Design,Rhode-Island,55500.0,39.0,0.0,2017,67620.0,42019.452298000004,1,0,0,13400.0,50960.0,64360.0,50960.0,64360.0,716.0,2449.0
390,Rhodes College,Tennessee,51900.0,46.0,25.0,2017,61538.0,21929.130254,0,0,0,11403.0,47890.0,59293.0,47890.0,59293.0,402.0,2054.0
391,Rice University,Texas,71000.0,50.0,45.0,2017,63158.0,17897.514875400004,0,0,0,14000.0,47350.0,61350.0,47350.0,61350.0,2421.0,6621.0
392,Rider University,New-Jersey,51600.0,47.0,5.0,2017,57090.0,28502.355734,1,0,0,14700.0,41310.0,56010.0,41310.0,56010.0,1426.0,5294.0
393,Ripon College,Wisconsin,46300.0,60.0,26.0,2017,51638.0,18732.725004,0,0,0,8400.0,43808.0,52208.0,43808.0,52208.0,88.0,840.0
394,Roanoke College,Virginia,48500.0,53.0,18.0,2017,59611.0,26721.246529999997,1,0,0,13690.0,44030.0,57720.0,44030.0,57720.0,310.0,2050.0
395,Rockhurst University,Missouri,54000.0,59.0,11.0,2017,53061.0,22128.53634,0,0,0,10200.0,37590.0,47790.0,37590.0,47790.0,467.0,3002.0
396,Rocky Mountain College,Montana,46000.0,59.0,12.0,2017,40345.5,20271.379882,0,0,0,8330.0,28512.0,36842.0,28512.0,36842.0,153.0,1007.0
397,Roger Williams University,Rhode-Island,52900.0,48.0,12.0,2017,47108.0,34703.554698,1,0,0,15890.0,34522.0,50412.0,34522.0,50412.0,511.0,4884.0
398,Rogers State University,Oklahoma,41400.0,48.0,11.0,2017,22263.0,15961.138808,0,1,0,8616.0,6870.0,15486.0,15210.0,23826.0,1547.0,4030.0
399,Rollins College,Florida,49000.0,53.0,7.0,2017,66410.0,30115.893458,1,0,0,14735.0,49760.0,64495.0,49760.0,64495.0,881.0,3207.0
400,Rose-Hulman Institute of Technology,Indiana,75000.0,51.0,96.0,2017,65031.0,36001.722606,1,0,0,14766.0,49871.0,64637.0,49871.0,64637.0,302.0,2388.0
401,Rowan University,New-Jersey,51100.0,43.0,21.0,2017,31022.0,23032.490764,0,1,0,12552.0,13697.0,26249.0,22339.0,34891.0,3822.0,14778.0
402,Rust College,Mississippi,34800.0,76.0,32.0,2017,16850.0,6669.484472599999,0,0,0,4300.0,9900.0,14200.0,9900.0,14200.0,926.0,963.0
403,Sacred Heart University,Connecticut,55000.0,46.0,15.0,2017,56536.0,39644.20919,1,0,0,15310.0,41420.0,56730.0,41420.0,56730.0,1146.0,7781.0
404,Saginaw Valley State University,Michigan,46400.0,54.0,12.0,2017,22927.5,15090.167914,0,1,0,10186.0,10308.0,20494.0,24215.0,34401.0,1556.0,9829.0
405,Saint Anselm College,New-Hampshire,56400.0,59.0,11.0,2017,54773.0,26390.860924,0,0,0,14500.0,41200.0,55700.0,41200.0,55700.0,144.0,1968.0
406,Saint Joseph's College of Maine,Maine,46900.0,60.0,2.0,2017,48250.0,25021.299128000002,0,0,0,13680.0,35650.0,49330.0,35650.0,49330.0,212.0,2933.0
407,Saint Louis University,Missouri,54200.0,56.0,13.0,2017,57214.0,24722.731796,0,0,0,12290.0,43884.0,56174.0,43884.0,56174.0,3481.0,17052.0
408,Saint Martin's University,Washington,53200.0,60.0,29.0,2017,49851.0,21800.06348,0,0,0,11445.0,37356.0,48801.0,37356.0,48801.0,540.0,1801.0
409,Saint Mary's College of California,California,59900.0,51.0,5.0,2017,65302.5,31136.449402,1,0,0,15370.0,47280.0,62650.0,47280.0,62650.0,1802.0,4112.0
410,Saint Michael's College,Vermont,52900.0,40.0,18.0,2017,57560.0,27564.031377999996,1,0,0,12220.0,45375.0,57595.0,45375.0,57595.0,241.0,2618.0
411,Saint Peter's University,New-Jersey,52900.0,35.0,14.0,2017,50919.0,15645.177594000003,0,0,0,15414.0,37486.0,52900.0,37486.0,52900.0,2099.0,3302.0
412,Saint Xavier University,Illinois,49400.0,60.0,10.0,2017,46444.0,15681.12649,0,0,0,11340.0,33880.0,45220.0,33880.0,45220.0,1785.0,4073.0
413,Salisbury University,Maryland,50400.0,51.0,12.0,2017,25062.0,17938.283178,0,1,0,11950.0,9824.0,21774.0,19526.0,31476.0,2002.0,8770.0
414,Salve Regina University,Rhode-Island,53000.0,50.0,6.0,2017,55116.0,26744.162485999997,1,0,0,14500.0,40550.0,55050.0,40550.0,55050.0,325.0,2739.0
415,Samford University,Alabama,48400.0,52.0,3.0,2017,46532.0,28300.943514000002,1,0,0,10550.0,31650.0,42200.0,31650.0,42200.0,738.0,4933.0
416,San Jose State University,California,63000.0,53.0,28.0,2017,27655.5,16522.094972,0,1,0,16442.0,7796.0,24238.0,17300.0,33742.0,20662.0,32713.0
417,Santa Clara University,California,69900.0,44.0,29.0,2017,69341.5,28929.131151999998,1,0,0,14910.0,51711.0,66621.0,51711.0,66621.0,3428.0,9015.0
418,Savannah College of Art and Design,Georgia,46800.0,34.0,3.0,2017,54662.0,41173.251758,1,0,0,14550.0,36630.0,51180.0,36630.0,51180.0,2744.0,11347.0
419,Seattle Pacific University,Washington,53600.0,52.0,9.0,2017,56485.0,29975.463209999998,1,0,0,11796.0,42939.0,54735.0,42939.0,54735.0,1238.0,4217.0
420,Seattle University,Washington,60600.0,59.0,12.0,2017,59607.0,33112.211796,1,0,0,12288.0,44610.0,56898.0,44610.0,56898.0,2379.0,7273.0
421,Seton Hall University,New-Jersey,57100.0,45.0,8.0,2017,57690.0,27224.524364,1,0,0,15800.0,42470.0,58270.0,42470.0,58270.0,3379.0,9627.0
422,Shenandoah University,Virginia,48700.0,57.0,7.0,2017,46200.0,27588.96503,1,0,0,10370.0,32530.0,42900.0,32530.0,42900.0,927.0,3693.0
423,Shepherd University,West-Virginia,47100.0,48.0,12.0,2017,21804.5,10565.1172102,0,1,0,10500.0,7548.0,18048.0,18048.0,28548.0,570.0,4041.0
424,Shorter University,Georgia,45600.0,55.0,6.0,2017,37185.5,19671.0,0,0,0,9400.0,22370.0,31770.0,22370.0,31770.0,460.0,1566.0
425,Sierra Nevada College,Nevada,54000.0,39.0,2.0,2017,49003.0,40378.921626,1,0,0,13357.0,34241.0,47598.0,34241.0,47598.0,137.0,1039.0
426,Smith College,Massachusetts,52700.0,51.0,26.0,2017,65122.5,19731.7312086,0,0,0,17520.0,52404.0,69924.0,52404.0,69924.0,908.0,2989.0
427,South Carolina State University,South-Carolina,44500.0,71.0,16.0,2017,30240.0,23736.401768,0,1,0,9890.0,11060.0,20950.0,21750.0,31640.0,3174.0,3331.0
428,South Dakota School of Mines and Technology,South-Dakota,66500.0,58.0,92.0,2017,25295.0,18671.598152,0,1,0,8440.0,9779.0,18219.0,14021.0,22461.0,355.0,2798.0
429,South Dakota State University,South-Dakota,50500.0,58.0,18.0,2017,24005.0,15847.864468,0,1,0,7896.0,8764.0,16660.0,12128.0,20024.0,1005.0,12543.0
430,Southeast Missouri State University,Missouri,43700.0,52.0,9.0,2017,21004.0,13197.591953399999,0,1,0,8935.0,7418.0,16353.0,13155.0,22090.0,1401.0,12087.0
431,Southeastern Louisiana University,Louisiana,46700.0,51.0,8.0,2017,22170.0,13908.443729999999,0,1,0,8420.0,8165.0,16585.0,20643.0,29063.0,3975.0,14487.0
432,Southeastern Oklahoma State University,Oklahoma,45000.0,53.0,15.0,2017,17337.0,10134.0571032,0,1,0,6970.0,6750.0,13720.0,15390.0,22360.0,1626.0,3878.0
433,Southern Adventist University,Tennessee,47500.0,67.0,9.0,2017,34325.0,21140.483104,0,0,0,6940.0,21950.0,28890.0,21950.0,28890.0,1349.0,3175.0
434,Southern Connecticut State University,Connecticut,48500.0,51.0,6.0,2017,25839.0,17977.498772,0,1,0,12860.0,10875.0,23735.0,22115.0,34975.0,3175.0,10825.0
435,Southern Methodist University,Texas,59700.0,46.0,22.0,2017,68503.0,29482.302044,1,0,0,16845.0,54493.0,71338.0,54493.0,71338.0,2849.0,11272.0
436,Southern Nazarene University,Oklahoma,46100.0,62.0,5.0,2017,36020.0,21021.855866,0,0,0,8496.0,25188.0,33684.0,25188.0,33684.0,678.0,2254.0
437,Southern New Hampshire University,New-Hampshire,47400.0,49.0,8.0,2017,50351.0,39580.88763,1,0,0,13120.0,31136.0,44256.0,31136.0,44256.0,3964.0,43274.0
438,Southern Oregon University,Oregon,46000.0,54.0,6.0,2017,24813.0,10187.9182134,0,1,0,13199.0,9654.0,22853.0,25584.0,38783.0,1088.0,5954.0
439,Southern University at New Orleans,Louisiana,40100.0,76.0,13.0,2017,20973.5,10083.862653799999,0,1,0,9040.0,9371.0,18411.0,11160.0,20200.0,1797.0,2103.0
440,Southern Vermont College,Vermont,42900.0,63.0,17.0,2017,37775.0,22485.2,0,0,0,11000.0,25511.0,36511.0,25511.0,36511.0,117.0,457.0
441,Southern Wesleyan University,South-Carolina,42900.0,52.0,5.0,2017,35312.5,16651.698892,0,0,0,9030.0,25476.0,34506.0,25476.0,34506.0,581.0,1778.0
442,Southwestern Oklahoma State University,Oklahoma,47900.0,58.0,5.0,2017,19739.0,12380.968624199999,0,1,0,5830.0,7035.0,12865.0,13935.0,19765.0,1335.0,4994.0
443,Spalding University,Kentucky,44800.0,71.0,0.0,2017,38288.0,21850.960154,0,0,0,7600.0,24500.0,32100.0,24500.0,32100.0,588.0,2311.0
444,Spelman College,Georgia,50200.0,52.0,24.0,2017,51642.0,45268.343001999994,1,0,0,13865.0,29314.0,43179.0,29314.0,43179.0,1925.0,2135.0
445,Spring Hill College,Alabama,46600.0,53.0,12.0,2017,55881.0,21039.075732,0,0,0,13462.0,39464.0,52926.0,39464.0,52926.0,359.0,1376.0
446,St. Mary's University,Texas,52900.0,61.0,17.0,2017,41045.0,19676.89704,0,0,0,10270.0,30650.0,40920.0,30650.0,40920.0,2338.0,3712.0
447,Stanford University,California,79000.0,56.0,51.0,2017,69109.0,11681.468489800001,0,0,0,15763.0,51354.0,67117.0,51354.0,67117.0,6282.0,16963.0
448,Stephens College,Missouri,42800.0,47.0,6.0,2017,44138.0,24277.559832,0,0,0,10632.0,30950.0,41582.0,30950.0,41582.0,215.0,862.0
449,Stetson University,Florida,47000.0,44.0,7.0,2017,61374.0,27521.257484,1,0,0,13052.0,46030.0,59082.0,46030.0,59082.0,1087.0,4137.0
450,Stevens Institute of Technology,New-Jersey,75100.0,47.0,79.0,2017,67494.0,32747.834554,1,0,0,15244.0,52202.0,67446.0,52202.0,67446.0,858.0,6125.0
451,Stevenson University,Maryland,50400.0,51.0,15.0,2017,49932.0,27458.611634,1,0,0,13130.0,36182.0,49312.0,36182.0,49312.0,1721.0,4322.0
452,Stockton University,New-Jersey,47400.0,49.0,16.0,2017,30692.5,19607.394964,0,1,0,12282.0,13739.0,26021.0,20866.0,33148.0,2080.0,8570.0
453,Stonehill College,Massachusetts,55900.0,42.0,18.0,2017,55699.0,28312.378654,1,0,0,16000.0,42746.0,58746.0,42746.0,58746.0,296.0,2284.0
454,Swarthmore College,Pennsylvania,67500.0,44.0,45.0,2017,68846.0,19711.873255000002,0,0,0,15474.0,52588.0,68062.0,52588.0,68062.0,671.0,1542.0
455,Tabor College,Kansas,43300.0,62.0,7.0,2017,43310.5,23458.880648,0,0,0,9850.0,28245.0,38095.0,28245.0,38095.0,182.0,766.0
456,Taylor University,Indiana,48700.0,59.0,16.0,2017,44405.5,23351.767676,0,0,0,9614.0,34114.0,43728.0,34114.0,43728.0,209.0,2146.0
457,Tennessee State University,Tennessee,47200.0,68.0,14.0,2017,20998.5,12957.516442,0,1,0,7806.0,8008.0,15814.0,21364.0,29170.0,6243.0,9027.0
458,Tennessee Technological University,Tennessee,53100.0,48.0,28.0,2017,26513.0,15808.269949999998,0,1,0,9736.0,9103.0,18839.0,25759.0,35495.0,1086.0,11339.0
459,Texas Christian University,Texas,56000.0,51.0,9.0,2017,62970.0,32397.345878,1,0,0,12804.0,46950.0,59754.0,46950.0,59754.0,1981.0,10033.0
460,Texas Tech University,Texas,56800.0,54.0,22.0,2017,23633.0,17220.24078,0,1,0,9530.0,11045.0,20575.0,23495.0,33025.0,11141.0,35158.0
461,Thomas Edison State University,New-Jersey,52500.0,54.0,0.0,2017,14670.0,0.0,0,1,0,10984.052459016393,7519.0,7519.0,9967.0,9967.0,6422.0,21495.0
462,Thomas More College,Kentucky,50000.0,56.0,8.0,2017,41499.0,18909.713334,0,0,0,7950.0,31120.0,39070.0,31120.0,39070.0,179.0,1655.0
463,Thomas More College of Liberal Arts,New-Hampshire,48900.0,53.8780487804878,0.0,2017,31150.0,17110.037151999997,0,0,0,9700.0,21600.0,31300.0,21600.0,31300.0,5.0,93.0
464,Tougaloo College,Mississippi,36900.0,69.0,18.0,2017,22840.0,16509.6569828,0,0,0,6643.0,10790.0,17433.0,10790.0,17433.0,892.0,900.0
465,Towson University,Maryland,51200.0,47.0,15.0,2017,26308.0,17286.482571200002,0,1,0,13034.0,9940.0,22974.0,23208.0,36242.0,6573.0,22285.0
466,Transylvania University,Kentucky,47900.0,51.0,25.0,2017,50550.0,24569.227096,0,0,0,10460.0,38750.0,49210.0,38750.0,49210.0,129.0,1014.0
467,Trevecca Nazarene University,Tennessee,45300.0,65.0,5.0,2017,39498.0,18922.927526,0,0,0,8400.0,25598.0,33998.0,25598.0,33998.0,555.0,2606.0
468,Trine University,Indiana,55100.0,56.0,26.0,2017,48075.0,22670.860984,0,0,0,10810.0,32175.0,42985.0,32175.0,42985.0,372.0,2831.0
469,Trinity University,Texas,54900.0,46.0,27.0,2017,55392.0,21167.044631999997,0,0,0,13464.0,42976.0,56440.0,42976.0,56440.0,811.0,2432.0
470,Troy University,Alabama,44500.0,60.0,8.0,2017,20444.0,16255.227885999999,0,1,0,8185.0,12460.0,20645.0,22875.0,31060.0,8294.0,19041.0
471,Truman State University,Missouri,47900.0,48.0,16.0,2017,21094.0,12026.437936600001,0,1,0,8780.0,7729.0,16509.0,14581.0,23361.0,677.0,6248.0
472,Tufts University,Massachusetts,65200.0,49.0,25.0,2017,70600.0,24114.1604338,0,0,0,14560.0,56382.0,70942.0,56382.0,70942.0,2740.0,10907.0
473,Tuskegee University,Alabama,54500.0,61.0,30.0,2017,39710.0,28686.133466,1,0,0,9650.0,22170.0,31820.0,22170.0,31820.0,2405.0,3103.0
474,University of Alabama at Birmingham,Alabama,48600.0,57.0,17.0,2017,26096.0,18276.300432,0,1,0,6400.0,10710.0,17110.0,24630.0,31030.0,5993.0,18698.0
475,University of Arizona,Arizona,56100.0,51.0,23.0,2017,29227.0,16012.219426,0,1,0,12550.0,12487.0,25037.0,36386.0,48936.0,15419.0,42236.0
476,University of Arkansas at Little Rock,Arkansas,45600.0,55.0,13.0,2017,23861.5,14935.136162,0,1,0,8930.0,8966.0,17896.0,21206.0,30136.0,4465.0,11645.0
477,University of Arkansas at Monticello,Arkansas,43500.0,61.0,2.0,2017,19587.0,11129.3055152,0,1,0,6824.0,7696.0,14520.0,13546.0,20370.0,1298.0,3854.0
478,University of Arkansas at Pine Bluff,Arkansas,40500.0,67.0,22.0,2017,18464.0,11554.58066,0,1,0,7881.0,7842.0,15723.0,14094.0,21975.0,2355.0,2513.0
479,University of Baltimore,Maryland,51000.0,56.0,2.0,2017,28774.0,8361.857858,0,1,0,10984.052459016393,8958.0,8958.0,21076.0,21076.0,3376.0,6422.0
480,University of Bridgeport,Connecticut,49900.0,59.0,31.0,2017,53493.0,23695.497198,0,0,0,13860.0,32850.0,46710.0,32850.0,46710.0,2205.0,5191.0
481,University of Central Arkansas,Arkansas,44900.0,52.0,8.0,2017,21759.0,15385.348304,0,1,0,6854.0,8751.0,15605.0,15274.0,22128.0,3066.0,11698.0
482,University of Central Florida,Florida,49700.0,50.0,16.0,2017,22254.0,15833.4,0,1,0,9617.0,6368.0,15985.0,22467.0,32084.0,24941.0,60767.0
483,University of Central Missouri,Missouri,46900.0,54.0,45.0,2017,19564.0,14917.703707999997,0,1,0,8766.0,7673.0,16439.0,14442.0,23208.0,1634.0,13379.0
484,University of Central Oklahoma,Oklahoma,45300.0,56.0,8.0,2017,25406.0,15883.602984000001,0,1,0,7970.0,7488.0,15458.0,18376.0,26346.0,5242.0,16840.0
485,University of Charleston,West-Virginia,44600.0,51.0,4.0,2017,43850.0,14595.839632,0,0,0,9180.0,30900.0,40080.0,30900.0,40080.0,362.0,2111.0
486,University of Chicago,Illinois,64000.0,41.0,22.0,2017,75735.0,13621.4058754,0,0,0,16350.0,58230.0,74580.0,58230.0,74580.0,3862.0,15097.0
487,University of Connecticut,Connecticut,59100.0,48.0,24.0,2017,31044.0,19121.41532,0,1,0,12874.0,15730.0,28604.0,38098.0,50972.0,6255.0,26541.0
488,University of Dallas,Texas,53000.0,49.0,16.0,2017,53146.0,22234.096162,0,0,0,12400.0,40652.0,53052.0,40652.0,53052.0,848.0,2548.0
489,University of Dayton,Ohio,57400.0,44.0,33.0,2017,57680.0,31012.13241,1,0,0,13580.0,42900.0,56480.0,42900.0,56480.0,1021.0,11343.0
490,University of Delaware,Delaware,58600.0,43.0,22.0,2017,27792.0,16061.891726000002,0,1,0,12862.0,13680.0,26542.0,34310.0,47172.0,4325.0,22680.0
491,University of Denver,Colorado,55700.0,48.0,12.0,2017,65376.0,29543.649234,1,0,0,13005.0,50556.0,63561.0,50556.0,63561.0,2213.0,11809.0
492,University of Detroit Mercy,Michigan,51800.0,57.0,13.0,2017,58265.0,20449.119074,0,0,0,9496.0,28000.0,37496.0,28000.0,37496.0,1024.0,4945.0
493,University of Dubuque,Iowa,44200.0,48.0,7.0,2017,42265.0,23272.476142,0,0,0,9930.0,34110.0,44040.0,34110.0,44040.0,484.0,2121.0
494,University of Evansville,Indiana,50300.0,54.0,17.0,2017,50868.0,20765.19639,0,0,0,12460.0,36416.0,48876.0,36416.0,48876.0,234.0,2567.0
495,University of Florida,Florida,55800.0,52.0,29.0,2017,21131.0,9831.7667686,0,1,0,10120.0,6381.0,16501.0,28658.0,38778.0,16264.0,49459.0
496,University of Georgia,Georgia,54400.0,45.0,14.0,2017,25622.0,14531.871795999998,0,1,0,10038.0,11830.0,21868.0,30404.0,40442.0,8427.0,35197.0
497,University of Hartford,Connecticut,55200.0,53.0,15.0,2017,54874.0,30658.046406,1,0,0,12476.0,40694.0,53170.0,40694.0,53170.0,1876.0,6817.0
498,University of Hawaii at Hilo,Hawaii,44000.0,59.0,14.0,2017,26500.0,15775.19598,0,1,0,11406.0,7720.0,19126.0,20680.0,32086.0,2849.0,3924.0
499,University of Houston,Texas,56000.0,50.0,24.0,2017,26263.5,17369.02636,0,1,0,10270.0,12506.0,22776.0,27956.0,38226.0,24647.0,40914.0
500,University of Houston-Clear Lake,Texas,50700.0,48.0,29.0,2017,23918.0,15720.3702104,0,1,0,10984.052459016393,8500.0,8500.0,24731.0,24731.0,3964.0,8665.0
501,University of Idaho,Idaho,52300.0,54.0,22.0,2017,21300.0,15443.531975999998,0,1,0,8880.0,7864.0,16744.0,25500.0,34380.0,1739.0,11702.0
502,University of Illinois at Chicago,Illinois,56300.0,48.0,31.0,2017,30147.0,16822.140612,0,1,0,12074.0,13764.0,25838.0,26980.0,39054.0,13568.0,27969.0
503,University of Illinois at Urbana-Champaign,Illinois,62600.0,44.0,36.0,2017,30082.0,17576.317043199997,0,1,0,11308.0,15094.0,26402.0,31664.0,42972.0,12826.0,45140.0
504,University of Indianapolis,Indiana,47300.0,55.0,5.0,2017,43005.0,21353.476672,0,0,0,10288.0,29688.0,39976.0,29688.0,39976.0,875.0,5442.0
505,University of Iowa,Iowa,54100.0,48.0,16.0,2017,22265.0,14439.749732,0,1,0,11172.0,9267.0,20439.0,31233.0,42405.0,4345.0,29970.0
506,University of Jamestown,North-Dakota,47600.0,64.0,11.0,2017,33008.0,18163.889799999997,0,0,0,7570.0,21976.0,29546.0,21976.0,29546.0,117.0,970.0
507,University of Kansas,Kansas,53000.0,52.0,16.0,2017,25306.0,18059.541844,0,1,0,10350.0,11148.0,21498.0,27358.0,37708.0,5028.0,27180.0
508,University of Kentucky,Kentucky,51700.0,48.0,19.0,2017,29530.0,19603.699013999998,0,1,0,12982.0,12245.0,25227.0,29099.0,42081.0,4678.0,29203.0
509,University of Louisiana at Lafayette,Louisiana,48200.0,52.0,19.0,2017,24793.5,13769.829806,0,1,0,8516.0,10616.0,19132.0,24344.0,32860.0,4669.0,17195.0
510,University of Louisiana at Monroe,Louisiana,48500.0,65.0,7.0,2017,21987.5,12186.290248000001,0,1,0,7850.0,8734.0,16584.0,20834.0,28684.0,2518.0,8517.0
511,University of Louisville,Kentucky,49500.0,50.0,18.0,2017,26738.0,17053.979484,0,1,0,9226.0,11656.0,20882.0,27278.0,36504.0,4641.0,21561.0
512,University of Maine,Maine,52000.0,50.0,24.0,2017,24238.0,16671.808052,0,1,0,10418.0,11170.0,21588.0,30970.0,41388.0,993.0,11286.0
513,University of Maine at Augusta,Maine,41600.0,61.0,7.0,2017,19808.0,13641.527601999998,0,1,0,10984.052459016393,7988.0,7988.0,17918.0,17918.0,325.0,4664.0
514,University of Maine at Farmington,Maine,41100.0,64.0,5.0,2017,22546.0,15170.677194,0,1,0,9726.0,9666.0,19392.0,19778.0,29504.0,130.0,1960.0
515,University of Maine at Fort Kent,Maine,43500.0,73.0,5.0,2017,19170.0,13208.2696868,0,1,0,8220.0,8115.0,16335.0,12315.0,20535.0,96.0,1327.0
516,University of Maine at Machias,Maine,37100.0,47.0,13.0,2017,18822.0,10403.656964999998,0,1,0,8486.0,7840.0,16326.0,15100.0,23586.0,87.0,810.0
517,University of Maine at Presque Isle,Maine,39000.0,58.0,6.0,2017,18342.0,11338.8341736,0,1,0,8406.0,8035.0,16441.0,12235.0,20641.0,85.0,1138.0
518,University of Mary,North-Dakota,46400.0,64.0,3.0,2017,29224.0,17007.41967,0,0,0,6890.0,18720.0,25610.0,18720.0,25610.0,290.0,2809.0
519,University of Memphis,Tennessee,47200.0,55.0,12.0,2017,24660.0,15499.37798,0,1,0,9975.0,9701.0,19676.0,21413.0,31388.0,9226.0,21059.0
520,University of Miami,Florida,56200.0,48.0,22.0,2017,67904.0,25431.588553999998,0,0,0,14108.0,50226.0,64334.0,50226.0,64334.0,6101.0,16674.0
521,University of Mississippi,Mississippi,48500.0,55.0,12.0,2017,24822.0,15903.072441999999,0,1,0,10696.0,8660.0,19356.0,24614.0,35310.0,4775.0,22503.0
522,University of Mobile,Alabama,40600.0,77.0,7.0,2017,38041.0,19763.380368000002,0,0,0,9600.0,22820.0,32420.0,22820.0,32420.0,473.0,1600.0
523,University of Montevallo,Alabama,38900.0,49.0,7.0,2017,25630.0,17733.886835999998,0,1,0,9330.0,12760.0,22090.0,25780.0,35110.0,632.0,3070.0
524,University of Mount Union,Ohio,48300.0,41.0,19.0,2017,39667.5,22054.930824,0,0,0,10200.0,31260.0,41460.0,31260.0,41460.0,267.0,2262.0
525,University of New England,Maine,50100.0,69.0,7.0,2017,52770.0,32046.039902,1,0,0,13990.0,37620.0,51610.0,37620.0,51610.0,908.0,6429.0
526,University of New Hampshire at Manchester,New-Hampshire,51900.0,50.0,32.0,2017,33989.0,17020.07709,0,1,0,10984.052459016393,15265.0,15265.0,30635.0,30635.0,82.0,850.0
527,University of New Haven,Connecticut,52100.0,52.0,25.0,2017,54925.0,33102.980532,1,0,0,15900.0,39270.0,55170.0,39270.0,55170.0,1475.0,6811.0
528,University of New Orleans,Louisiana,49900.0,55.0,23.0,2017,23364.0,12621.90506,0,1,0,10575.0,9054.0,19629.0,13890.0,24465.0,3196.0,9234.0
529,University of North Alabama,Alabama,43000.0,61.0,6.0,2017,20264.0,13133.433974,0,1,0,9200.0,10370.0,19570.0,18680.0,27880.0,1383.0,6841.0
530,University of North Carolina School of the Arts,North-Carolina,46400.0,44.0,0.0,2017,21934.0,14274.1363914,0,1,0,9021.0,9358.0,18379.0,25501.0,34522.0,203.0,958.0
531,University of North Carolina at Chapel Hill,North-Carolina,55000.0,49.0,19.0,2017,25569.0,13490.220008799999,0,1,0,11190.0,8987.0,20177.0,35170.0,46360.0,8138.0,29135.0
532,University of North Carolina at Charlotte,North-Carolina,52500.0,49.0,25.0,2017,22534.0,16370.76387,0,1,0,11100.0,7044.0,18144.0,20478.0,31578.0,8720.0,27238.0
533,University of North Dakota,North-Dakota,53800.0,54.0,16.0,2017,21417.0,14316.678036000001,0,1,0,8974.0,8695.0,17669.0,20759.0,29733.0,1643.0,14906.0
534,University of North Florida,Florida,48800.0,51.0,11.0,2017,21286.0,13734.0,0,1,0,9976.0,6394.0,16370.0,20112.0,30088.0,4519.0,15984.0
535,University of North Georgia,Georgia,47300.0,51.0,8.0,2017,18791.0,10315.692499,0,1,0,7876.0,7336.0,15212.0,21148.0,29024.0,3025.0,16064.0
536,University of Northern Colorado,Colorado,47700.0,52.0,7.0,2017,24159.5,20689.793998,0,1,0,11204.0,9786.0,20990.0,21474.0,32678.0,2834.0,12050.0
537,University of Northern Iowa,Iowa,47100.0,46.0,8.0,2017,21330.0,15814.448626000001,0,1,0,8948.0,8938.0,17886.0,19480.0,28428.0,1066.0,11928.0
538,University of Notre Dame,Indiana,67000.0,45.0,28.0,2017,69395.0,20624.0081006,0,0,0,15410.0,53391.0,68801.0,53391.0,68801.0,2560.0,12179.0
539,University of Oregon,Oregon,51800.0,46.0,13.0,2017,26055.0,16929.667542000003,0,1,0,12963.0,11898.0,24861.0,35478.0,48441.0,5393.0,24096.0
540,University of Pennsylvania,Pennsylvania,72800.0,41.0,21.0,2017,71715.0,17864.6264066,0,0,0,15616.0,55584.0,71200.0,55584.0,71200.0,7805.0,24806.0
541,University of Pikeville,Kentucky,39000.0,74.0,11.0,2017,36838.0,19182.533506,0,0,0,7800.0,20950.0,28750.0,20950.0,28750.0,250.0,2458.0
542,University of Portland,Oregon,58500.0,52.0,28.0,2017,57147.0,30568.306938,1,0,0,13450.0,45904.0,59354.0,45904.0,59354.0,1260.0,4143.0
543,University of Puget Sound,Washington,54200.0,45.0,21.0,2017,63510.0,35576.395835999996,1,0,0,12540.0,49776.0,62316.0,49776.0,62316.0,662.0,2826.0
544,University of Rhode Island,Rhode-Island,54500.0,50.0,18.0,2017,28918.5,19808.56381,0,1,0,12950.0,14138.0,27088.0,30862.0,43812.0,3069.0,16571.0
545,University of Richmond,Virginia,59800.0,48.0,13.0,2017,64890.0,20694.392702,0,0,0,12250.0,52610.0,64860.0,52610.0,64860.0,970.0,4182.0
546,University of Rochester,New-York,61100.0,50.0,32.0,2017,70108.0,27105.279560000003,1,0,0,15938.0,53926.0,69864.0,53926.0,69864.0,2213.0,11060.0
547,University of Saint Joseph,Connecticut,49900.0,63.0,9.0,2017,51915.5,26132.633154000003,0,0,0,11428.0,39173.0,50601.0,39173.0,50601.0,628.0,2565.0
548,University of San Diego,California,58900.0,48.0,12.0,2017,66257.0,31873.326780000003,1,0,0,12980.0,49358.0,62338.0,49358.0,62338.0,2917.0,8349.0
549,University of San Francisco,California,60600.0,52.0,6.0,2017,65980.0,30686.421764,1,0,0,14830.0,48066.0,62896.0,48066.0,62896.0,4994.0,10689.0
550,University of Science and Arts of Oklahoma,Oklahoma,37300.0,49.0,11.0,2017,19050.0,8337.1691966,0,1,0,6350.0,7215.0,13565.0,17565.0,23915.0,259.0,904.0
551,University of Scranton,Pennsylvania,56400.0,42.0,12.0,2017,58487.0,32102.41412,1,0,0,15182.0,44532.0,59714.0,44532.0,59714.0,817.0,5589.0
552,University of Sioux Falls,South-Dakota,44400.0,64.0,6.0,2017,40772.5,19706.065565999997,0,0,0,7350.0,18280.0,25630.0,18280.0,25630.0,125.0,1419.0
553,University of South Alabama,Alabama,47700.0,56.0,17.0,2017,21183.0,16158.267217999999,0,1,0,7620.0,9870.0,17490.0,19740.0,27360.0,4684.0,15805.0
554,University of South Dakota,South-Dakota,47500.0,56.0,8.0,2017,23006.5,17429.714984,0,1,0,8216.0,9061.0,17277.0,12425.0,20641.0,1061.0,10061.0
555,University of Southern California,California,64500.0,47.0,23.0,2017,72209.0,27721.601806000002,1,0,0,15395.0,56225.0,71620.0,56225.0,71620.0,16777.0,42453.0
556,University of Southern Maine,Maine,46900.0,55.0,8.0,2017,22612.0,12941.3982886,0,1,0,9450.0,9520.0,18970.0,22780.0,32230.0,787.0,8428.0
557,University of Southern Mississippi,Mississippi,45100.0,56.0,11.0,2017,23167.5,15020.323932,0,1,0,9857.0,8734.0,18591.0,10734.0,20591.0,5040.0,14792.0
558,University of Toledo,Ohio,51800.0,52.0,21.0,2017,24295.0,15351.434883999998,0,1,0,11434.0,9795.0,21229.0,19133.0,30567.0,4416.0,20626.0
559,University of Tulsa,Oklahoma,58700.0,51.0,36.0,2017,59393.0,23663.37872,0,0,0,11116.0,41509.0,52625.0,41509.0,52625.0,812.0,4682.0
560,University of Utah,Utah,54800.0,57.0,22.0,2017,23707.5,14578.064387999999,0,1,0,10262.0,9222.0,19484.0,29215.0,39477.0,5995.0,31515.0
561,University of Vermont,Vermont,53200.0,50.0,22.0,2017,32473.0,18341.928112,0,1,0,12462.0,18276.0,30738.0,42516.0,54978.0,1454.0,12856.0
562,University of West Alabama,Alabama,42700.0,61.0,4.0,2017,21026.0,14592.25792,0,1,0,8116.0,10040.0,18156.0,18490.0,26606.0,1893.0,3989.0
563,University of West Georgia,Georgia,46700.0,51.0,9.0,2017,22848.0,16934.635506,0,1,0,10918.0,7292.0,18210.0,20774.0,31692.0,5303.0,12206.0
564,University of Wisconsin-Parkside,Wisconsin,46000.0,47.0,17.0,2017,20368.0,11624.4475926,0,1,0,8026.0,7529.0,15555.0,15518.0,23544.0,1262.0,4543.0
565,University of Wisconsin-Stout,Wisconsin,50400.0,47.0,14.0,2017,19710.0,14896.124059999998,0,1,0,6924.0,9457.0,16381.0,17423.0,24347.0,880.0,9394.0
566,University of Wyoming,Wyoming,52400.0,58.0,25.0,2017,19777.0,12607.472007,0,1,0,10320.0,5400.0,15720.0,17490.0,27810.0,1451.0,12820.0
567,University of the Cumberlands,Kentucky,39800.0,63.0,8.0,2017,37525.0,19854.609422,0,0,0,9000.0,23000.0,32000.0,23000.0,32000.0,474.0,5736.0
568,University of the Ozarks,Arkansas,42300.0,58.0,16.0,2017,37481.5,18044.852298,0,0,0,7400.0,24230.0,31630.0,24230.0,31630.0,146.0,587.0
569,Valdosta State University,Georgia,43400.0,57.0,7.0,2017,21643.0,16189.201060000001,0,1,0,8110.0,7476.0,15586.0,20958.0,29068.0,4860.0,11563.0
570,Valley City State University,North-Dakota,39900.0,56.0,3.0,2017,18390.0,11936.833242,0,1,0,6446.0,7626.0,14072.0,17166.0,23612.0,159.0,1378.0
571,Valparaiso University,Indiana,53300.0,52.0,31.0,2017,51730.0,21708.862904,0,0,0,11860.0,40260.0,52120.0,40260.0,52120.0,806.0,4507.0
572,Vanderbilt University,Tennessee,65400.0,48.0,23.0,2017,67392.0,14147.796206399998,0,0,0,16234.0,49816.0,66050.0,49816.0,66050.0,3211.0,12686.0
573,Vermont Technical College,Vermont,52400.0,41.0,4.0,2017,27630.0,20403.134338,0,1,0,10598.0,15108.0,25706.0,27780.0,38378.0,111.0,1542.0
574,Villanova University,Pennsylvania,65100.0,41.0,23.0,2017,68231.0,33942.36279,1,0,0,14020.0,53308.0,67328.0,53308.0,67328.0,2175.0,10735.0
575,Virginia Commonwealth University,Virginia,49900.0,52.0,18.0,2017,31172.0,21851.434298,0,1,0,10428.0,14490.0,24918.0,35138.0,45566.0,11832.0,30848.0
576,Virginia Military Institute,Virginia,65900.0,68.0,47.0,2017,30600.0,13748.814589799998,0,1,0,9428.0,18862.0,28290.0,45706.0,55134.0,290.0,1700.0
577,Virginia State University,Virginia,44900.0,61.0,14.0,2017,22581.0,17382.927464,0,1,0,11208.0,9056.0,20264.0,19576.0,30784.0,4421.0,5025.0
578,Viterbo University,Wisconsin,46800.0,62.0,3.0,2017,39410.0,18620.398794,0,0,0,9060.0,27970.0,37030.0,27970.0,37030.0,202.0,2804.0
579,Wabash College,Indiana,62200.0,40.0,34.0,2017,53237.5,20146.01317,0,0,0,10050.0,43450.0,53500.0,43450.0,53500.0,159.0,926.0
580,Wake Forest University,North-Carolina,60700.0,44.0,13.0,2017,69130.0,22993.1668244,0,0,0,16032.0,53322.0,69354.0,53322.0,69354.0,1638.0,7788.0
581,Walla Walla University,Washington,53700.0,54.0,22.0,2017,37560.0,21981.853826,0,0,0,4275.0,28035.0,32310.0,28035.0,32310.0,446.0,1887.0
582,Wartburg College,Iowa,49300.0,49.0,34.0,2017,51878.0,22197.257946,0,0,0,9996.0,41280.0,51276.0,41280.0,51276.0,180.0,1661.0
583,Washburn University,Kansas,47000.0,54.0,4.0,2017,21842.0,14075.124921999999,0,1,0,8237.0,8870.0,17107.0,19940.0,28177.0,1133.0,6722.0
584,Washington State University,Washington,55900.0,50.0,20.0,2017,27249.0,16690.9875216,0,1,0,11398.0,11581.0,22979.0,26365.0,37763.0,7602.0,28686.0
585,Wayne State College,Nebraska,40600.0,54.0,11.0,2017,18422.0,13760.80362,0,1,0,7668.0,6989.0,14657.0,12299.0,19967.0,425.0,3470.0
586,Wayne State University,Michigan,50800.0,53.0,21.0,2017,27390.0,14610.9901402,0,1,0,10427.0,13347.0,23774.0,28241.0,38668.0,8727.0,27578.0
587,Webb Institute,New-York,80800.0,53.8780487804878,100.0,2017,69075.0,12246.018039999999,0,0,0,15050.0,50175.0,65225.0,50175.0,65225.0,12.0,90.0
588,Weber State University,Utah,53900.0,60.0,8.0,2017,20364.0,13038.932751999999,0,1,0,6279.0,5831.0,12110.0,16585.0,22864.0,3685.0,25954.0
589,Webster University,Missouri,46500.0,50.0,2.0,2017,45445.0,23024.373334,0,0,0,11050.0,27900.0,38950.0,27900.0,38950.0,8219.0,16769.0
590,Wellesley College,Massachusetts,58900.0,48.0,34.0,2017,62016.0,20064.922669400003,0,0,0,16468.0,53732.0,70200.0,53732.0,70200.0,1010.0,2323.0
591,Wentworth Institute of Technology,Massachusetts,62700.0,53.0,39.0,2017,54071.0,36307.197644,1,0,0,14190.0,33950.0,48140.0,33950.0,48140.0,909.0,4558.0
592,West Liberty University,West-Virginia,42500.0,51.0,6.0,2017,21380.0,14278.309218,0,1,0,9406.0,7730.0,17136.0,15670.0,25076.0,199.0,2694.0
593,West Virginia State University,West-Virginia,41800.0,46.0,8.0,2017,22062.5,9643.5389806,0,1,0,11892.0,8167.0,20059.0,16072.0,27964.0,315.0,2884.0
594,West Virginia University,West-Virginia,54400.0,52.0,22.0,2017,21354.0,12356.187317599999,0,1,0,10918.0,8856.0,19774.0,24950.0,35868.0,3646.0,29175.0
595,West Virginia University Institute of Technology,West-Virginia,57100.0,56.0,40.0,2017,20302.0,10623.379362399999,0,1,0,11390.0,7464.0,18854.0,18648.0,30038.0,192.0,1261.0
596,West Virginia University at Parkersburg,West-Virginia,36700.0,67.0,3.0,2017,12220.0,8254.887819399999,0,1,1,10984.052459016393,6330.0,6330.0,10920.0,10920.0,152.0,2985.0
597,West Virginia Wesleyan College,West-Virginia,47000.0,53.0,21.0,2017,43035.0,18201.431316,0,0,0,8856.0,31640.0,40496.0,31640.0,40496.0,203.0,1511.0
598,Western Carolina University,North-Carolina,44700.0,58.0,8.0,2017,21885.0,16151.961414,0,1,0,9682.0,4220.0,13902.0,8220.0,17902.0,1718.0,10382.0
599,Western Connecticut State University,Connecticut,51700.0,50.0,6.0,2017,27947.0,19799.426167999998,0,1,0,13072.0,10819.0,23891.0,22059.0,35131.0,1858.0,5952.0
600,Western Governors University,Utah,54500.0,57.0,9.0,2017,13270.0,0.0,0,0,0,10984.052459016393,6670.0,6670.0,6670.0,6670.0,14236.0,57821.0
601,Western Kentucky University,Kentucky,45500.0,49.0,10.0,2017,22255.5,15501.798187999997,0,1,0,8343.0,10602.0,18945.0,26496.0,34839.0,3171.0,20171.0
602,Western Michigan University,Michigan,50900.0,47.0,16.0,2017,25139.0,17834.164512,0,1,0,10143.0,12483.0,22626.0,15373.0,25516.0,4969.0,23914.0
603,Western New England University,Massachusetts,56400.0,44.0,21.0,2017,51311.0,28617.602567999995,1,0,0,13590.0,36804.0,50394.0,36804.0,50394.0,708.0,3922.0
604,Western New Mexico University,New-Mexico,41700.0,75.0,4.0,2017,22454.0,12453.634264,0,1,0,9136.0,6824.0,15960.0,15231.0,24367.0,1755.0,3557.0
605,Western Oregon University,Oregon,44500.0,50.0,5.0,2017,23109.0,16722.566558,0,1,0,10415.0,9540.0,19955.0,26415.0,36830.0,1144.0,6049.0
606,Western State Colorado University,Colorado,44800.0,47.0,19.0,2017,24065.0,17750.767544,0,1,0,9635.0,10114.0,19749.0,21586.0,31221.0,420.0,2584.0
607,Western Washington University,Washington,55000.0,45.0,16.0,2017,23555.0,16010.6206848,0,1,0,11466.0,8132.0,19598.0,23544.0,35010.0,3547.0,15060.0
608,Wheeling Jesuit University,West-Virginia,44800.0,57.0,5.0,2017,37908.0,18194.02415,0,0,0,9900.0,29290.0,39190.0,29290.0,39190.0,151.0,1575.0
609,Whitman College,Washington,54600.0,53.0,33.0,2017,64504.0,35727.42206,1,0,0,13174.0,51764.0,64938.0,51764.0,64938.0,301.0,1498.0
610,Whitworth University,Washington,49900.0,52.0,18.0,2017,56922.5,26781.041642000004,1,0,0,11496.0,43640.0,55136.0,43640.0,55136.0,510.0,2654.0
611,Wichita State University,Kansas,48700.0,57.0,24.0,2017,24397.0,15214.596851999999,0,1,0,11252.0,8271.0,19523.0,17452.0,28704.0,3625.0,14995.0
612,Widener University,Pennsylvania,55700.0,57.0,13.0,2017,58616.0,29598.611736,1,0,0,14446.0,45948.0,60394.0,45948.0,60394.0,1274.0,4912.0
613,Willamette University,Oregon,52200.0,49.0,14.0,2017,62262.0,26823.521742,1,0,0,12440.0,50074.0,62514.0,50074.0,62514.0,752.0,2780.0
614,William Carey University,Mississippi,41100.0,61.0,6.0,2017,27952.0,18345.461612,0,0,0,6810.0,12600.0,19410.0,12600.0,19410.0,1291.0,3936.0
615,William Jewell College,Missouri,51400.0,60.0,12.0,2017,49895.5,19746.829572,0,0,0,9930.0,34400.0,44330.0,34400.0,44330.0,171.0,1060.0
616,William Paterson University of New Jersey,New-Jersey,50500.0,44.0,7.0,2017,29341.5,17975.42856,0,1,0,11445.0,13060.0,24505.0,21260.0,32705.0,5213.0,11048.0
617,William Penn University,Iowa,43900.0,59.0,7.0,2017,37352.0,20974.993906,0,0,0,6952.0,25600.0,32552.0,25600.0,32552.0,494.0,1791.0
618,Williams College,Massachusetts,67500.0,47.0,32.0,2017,70650.0,15498.398511000001,0,0,0,14500.0,55450.0,69950.0,55450.0,69950.0,762.0,2126.0
619,Winona State University,Minnesota,49700.0,51.0,10.0,2017,21769.0,16203.047746,0,1,0,9010.0,9425.0,18435.0,15348.0,24358.0,758.0,8684.0
620,Winthrop University,South-Carolina,44300.0,49.0,9.0,2017,27587.0,18032.893514000003,0,1,0,9312.0,15590.0,24902.0,29846.0,39158.0,2115.0,6024.0
621,Wisconsin Lutheran College,Wisconsin,46200.0,45.0,10.0,2017,42152.0,19099.095576,0,0,0,10190.0,29725.0,39915.0,29725.0,39915.0,166.0,1179.0
622,Wittenberg University,Ohio,52400.0,61.0,22.0,2017,52056.0,23786.846242,0,0,0,10356.0,39500.0,49856.0,39500.0,49856.0,312.0,1964.0
623,Wofford College,South-Carolina,51300.0,51.0,28.0,2017,55485.0,23096.272365999997,0,0,0,12685.0,43845.0,56530.0,43845.0,56530.0,285.0,1658.0
624,Worcester Polytechnic Institute,Massachusetts,73600.0,47.0,86.0,2017,64805.0,36185.338904000004,1,0,0,14774.0,50530.0,65304.0,50530.0,65304.0,991.0,6381.0
625,Xavier University of Louisiana,Louisiana,46700.0,63.0,35.0,2017,36212.5,18638.905638,0,0,0,9047.0,24488.0,33535.0,24488.0,33535.0,2631.0,2976.0
626,Yale University,Connecticut,70300.0,53.0,22.0,2017,71290.0,13534.6572308,0,0,0,16000.0,53430.0,69430.0,53430.0,69430.0,3796.0,12336.0
627,Yeshiva University,New-York,63500.0,40.0,11.0,2017,61157.5,31864.877388,1,0,0,12250.0,43500.0,55750.0,43500.0,55750.0,682.0,6348.0
